HURID,NAME,YEAR,MONTH,DAY,HOURS,RECID,StatusOfSys,LAT,LOG,MaxWind,MinPress,34KTWindNE,34KTWindSE,34KTWindSW,34KTWindNW,50KTWindNE,50KTWindSE,50KTWindSW,50KTWindNW,64KTWindNE,64KTWindSE,64KTWindSW,64KTWindNW
AL012005,ARLENE,2005,6,8,1800,,TD,16.9,-84,25,1004,0,0,0,0,0,0,0,0,0,0,0,0
AL012005,ARLENE,2005,6,9,0,,TD,17.4,-83.9,30,1003,0,0,0,0,0,0,0,0,0,0,0,0
AL012005,ARLENE,2005,6,9,600,,TS,18.2,-83.9,35,1003,130,0,0,0,0,0,0,0,0,0,0,0
AL012005,ARLENE,2005,6,9,1200,,TS,19,-84,35,1002,130,0,0,0,0,0,0,0,0,0,0,0
AL012005,ARLENE,2005,6,9,1800,,TS,19.7,-84.1,35,1002,120,0,0,0,0,0,0,0,0,0,0,0
AL012005,ARLENE,2005,6,10,0,,TS,20.4,-84.2,40,1001,100,0,0,0,0,0,0,0,0,0,0,0
AL012005,ARLENE,2005,6,10,600,,TS,21.2,-84.4,45,1000,120,0,0,0,0,0,0,0,0,0,0,0
AL012005,ARLENE,2005,6,10,800,L,TS,21.8,-84.5,45,1000,-999,-999,-999,-999,-999,-999,-999,-999,-999,-999,-999,-999
AL012005,ARLENE,2005,6,10,1200,,TS,23,-84.7,50,1000,130,0,60,30,100,0,0,0,0,0,0,0
AL012005,ARLENE,2005,6,10,1800,,TS,24.9,-85.1,55,995,130,100,0,40,100,0,0,0,0,0,0,0
AL012005,ARLENE,2005,6,11,0,,TS,26.5,-85.6,60,990,140,120,0,75,75,0,0,45,0,0,0,0
AL012005,ARLENE,2005,6,11,100,I,TS,26.5,-85.6,60,989,-999,-999,-999,-999,-999,-999,-999,-999,-999,-999,-999,-999
AL012005,ARLENE,2005,6,11,600,,TS,27.7,-86.8,60,993,140,120,0,75,75,0,0,45,0,0,0,0
AL012005,ARLENE,2005,6,11,1200,,TS,28.9,-87.2,55,990,130,120,0,75,75,0,0,45,0,0,0,0
AL012005,ARLENE,2005,6,11,1800,,TS,30.1,-87.5,50,991,30,100,0,0,0,75,0,0,0,0,0,0
AL012005,ARLENE,2005,6,11,1900,L,TS,30.3,-87.5,50,991,-999,-999,-999,-999,-999,-999,-999,-999,-999,-999,-999,-999
AL012005,ARLENE,2005,6,12,0,,TD,31.4,-87.6,30,994,0,0,0,0,0,0,0,0,0,0,0,0
AL012005,ARLENE,2005,6,12,600,,TD,32.7,-87.7,25,998,0,0,0,0,0,0,0,0,0,0,0,0
AL012005,ARLENE,2005,6,12,1200,,TD,35,-88,20,1003,0,0,0,0,0,0,0,0,0,0,0,0
AL012005,ARLENE,2005,6,12,1800,,TD,37,-87.8,20,1005,0,0,0,0,0,0,0,0,0,0,0,0
AL012005,ARLENE,2005,6,13,0,,TD,38.5,-87.5,20,1006,0,0,0,0,0,0,0,0,0,0,0,0
AL012005,ARLENE,2005,6,13,600,,TD,40.5,-86,20,1006,0,0,0,0,0,0,0,0,0,0,0,0
AL012005,ARLENE,2005,6,13,1200,,LO,42,-85,20,1005,0,0,0,0,0,0,0,0,0,0,0,0
AL012005,ARLENE,2005,6,13,1800,,EX,43,-84,20,1005,0,0,0,0,0,0,0,0,0,0,0,0
AL012005,ARLENE,2005,6,14,0,,EX,43.7,-81.1,20,1003,0,0,0,0,0,0,0,0,0,0,0,0
AL012005,ARLENE,2005,6,14,600,,EX,44.8,-77.6,20,1001,0,0,0,0,0,0,0,0,0,0,0,0
AL022005,BRET,2005,6,28,1800,,TD,19.7,-95.4,30,1006,0,0,0,0,0,0,0,0,0,0,0,0
AL022005,BRET,2005,6,28,2235,I,TS,19.9,-95.7,35,1002,-999,-999,-999,-999,-999,-999,-999,-999,-999,-999,-999,-999
AL022005,BRET,2005,6,29,0,,TS,20,-95.8,35,1005,20,30,30,20,0,0,0,0,0,0,0,0
AL022005,BRET,2005,6,29,600,,TS,20.4,-96.4,35,1005,30,30,30,30,0,0,0,0,0,0,0,0
AL022005,BRET,2005,6,29,1200,L,TS,20.8,-97.3,35,1005,30,30,30,30,0,0,0,0,0,0,0,0
AL022005,BRET,2005,6,29,1800,,TD,21.4,-98.1,25,1007,0,0,0,0,0,0,0,0,0,0,0,0
AL022005,BRET,2005,6,30,0,,TD,22,-98.5,25,1008,0,0,0,0,0,0,0,0,0,0,0,0
AL032005,CINDY,2005,7,3,1800,,TD,18.3,-86.7,30,1009,0,0,0,0,0,0,0,0,0,0,0,0
AL032005,CINDY,2005,7,4,330,L,TD,19,-87.6,30,1007,0,0,0,0,0,0,0,0,0,0,0,0
AL032005,CINDY,2005,7,4,600,,TD,19.3,-87.9,30,1007,0,0,0,0,0,0,0,0,0,0,0,0
AL032005,CINDY,2005,7,4,1200,,TD,20.9,-88.5,25,1011,0,0,0,0,0,0,0,0,0,0,0,0
AL032005,CINDY,2005,7,4,1800,,TD,22.3,-89,30,1010,0,0,0,0,0,0,0,0,0,0,0,0
AL032005,CINDY,2005,7,5,0,,TD,23.9,-89.7,30,1009,0,0,0,0,0,0,0,0,0,0,0,0
AL032005,CINDY,2005,7,5,600,,TS,25.1,-90.2,35,1009,75,75,0,0,0,0,0,0,0,0,0,0
AL032005,CINDY,2005,7,5,1200,,TS,26.4,-90.4,45,1002,90,90,0,20,0,0,0,0,0,0,0,0
AL032005,CINDY,2005,7,5,1800,,TS,27.6,-90.5,60,997,90,90,30,60,30,30,0,25,0,0,0,0
AL032005,CINDY,2005,7,6,0,,HU,28.5,-90.3,65,992,90,90,40,60,30,30,20,25,20,20,0,0
AL032005,CINDY,2005,7,6,300,L,HU,29.2,-90.1,65,991,-999,-999,-999,-999,-999,-999,-999,-999,-999,-999,-999,-999
AL032005,CINDY,2005,7,6,600,,TS,29.6,-90,50,994,90,90,40,60,30,30,15,20,0,0,0,0
AL032005,CINDY,2005,7,6,900,L,TS,30.2,-89.5,45,995,-999,-999,-999,-999,-999,-999,-999,-999,-999,-999,-999,-999
AL032005,CINDY,2005,7,6,1200,,TS,30.8,-88.9,40,998,0,70,0,0,0,0,0,0,0,0,0,0
AL032005,CINDY,2005,7,6,1800,,TD,31.6,-88.1,30,1000,0,0,0,0,0,0,0,0,0,0,0,0
AL032005,CINDY,2005,7,7,0,,TD,32.4,-87.2,25,1004,0,0,0,0,0,0,0,0,0,0,0,0
AL032005,CINDY,2005,7,7,600,,TD,33.2,-86.2,20,1008,0,0,0,0,0,0,0,0,0,0,0,0
AL032005,CINDY,2005,7,7,1200,,EX,34.6,-84.1,20,1009,0,0,0,0,0,0,0,0,0,0,0,0
AL032005,CINDY,2005,7,7,1800,,EX,35.6,-81.8,20,1010,0,0,0,0,0,0,0,0,0,0,0,0
AL032005,CINDY,2005,7,8,0,,EX,37.1,-80,20,1010,0,0,0,0,0,0,0,0,0,0,0,0
AL032005,CINDY,2005,7,8,600,,EX,37.8,-78.3,20,1010,0,0,0,0,0,0,0,0,0,0,0,0
AL032005,CINDY,2005,7,8,1200,,EX,38.4,-76.7,25,1009,0,0,0,0,0,0,0,0,0,0,0,0
AL032005,CINDY,2005,7,8,1800,,EX,39.1,-74.8,25,1009,0,0,0,0,0,0,0,0,0,0,0,0
AL032005,CINDY,2005,7,9,0,,EX,39.5,-72,25,1009,0,0,0,0,0,0,0,0,0,0,0,0
AL032005,CINDY,2005,7,9,600,,EX,40.8,-70.7,25,1009,0,0,0,0,0,0,0,0,0,0,0,0
AL032005,CINDY,2005,7,9,1200,,EX,41.6,-69.8,30,1007,0,0,0,0,0,0,0,0,0,0,0,0
AL032005,CINDY,2005,7,9,1800,,EX,43.5,-69.6,30,1006,0,0,0,0,0,0,0,0,0,0,0,0
AL032005,CINDY,2005,7,10,0,,EX,44.9,-69.8,30,1006,0,0,0,0,0,0,0,0,0,0,0,0
AL032005,CINDY,2005,7,10,600,,EX,45.5,-70,30,1006,0,0,0,0,0,0,0,0,0,0,0,0
AL032005,CINDY,2005,7,10,1200,,EX,46.5,-67.6,25,1006,0,0,0,0,0,0,0,0,0,0,0,0
AL032005,CINDY,2005,7,10,1800,,EX,48,-66.4,20,1006,0,0,0,0,0,0,0,0,0,0,0,0
AL032005,CINDY,2005,7,11,0,,EX,48.5,-64.5,20,1006,0,0,0,0,0,0,0,0,0,0,0,0
AL032005,CINDY,2005,7,11,600,,EX,48.5,-62.5,20,1006,0,0,0,0,0,0,0,0,0,0,0,0
AL042005,DENNIS,2005,7,4,1800,,TD,12,-60.8,25,1010,0,0,0,0,0,0,0,0,0,0,0,0
AL042005,DENNIS,2005,7,4,2100,L,TD,12.1,-61.6,30,1010,0,0,0,0,0,0,0,0,0,0,0,0
AL042005,DENNIS,2005,7,5,0,,TD,12.2,-62.5,30,1009,0,0,0,0,0,0,0,0,0,0,0,0
AL042005,DENNIS,2005,7,5,600,,TD,12.5,-64.2,30,1008,0,0,0,0,0,0,0,0,0,0,0,0
AL042005,DENNIS,2005,7,5,1200,,TS,13,-65.9,35,1007,50,40,0,50,0,0,0,0,0,0,0,0
AL042005,DENNIS,2005,7,5,1800,,TS,13.6,-67.3,40,1005,50,40,0,50,0,0,0,0,0,0,0,0
AL042005,DENNIS,2005,7,6,0,,TS,14.3,-68.5,45,1000,50,40,20,50,0,0,0,0,0,0,0,0
AL042005,DENNIS,2005,7,6,600,,TS,14.7,-69.7,50,995,75,75,25,75,25,25,0,25,0,0,0,0
AL042005,DENNIS,2005,7,6,1200,,TS,15.1,-70.9,55,991,80,75,25,75,30,25,0,25,0,0,0,0
AL042005,DENNIS,2005,7,6,1800,,TS,15.6,-71.9,60,989,90,75,35,80,40,30,0,40,0,0,0,0
AL042005,DENNIS,2005,7,7,0,,HU,16.2,-73,70,982,110,80,45,100,50,30,10,40,20,0,0,20
AL042005,DENNIS,2005,7,7,600,,HU,16.7,-74.1,80,972,110,90,45,100,50,30,10,40,20,0,0,20
AL042005,DENNIS,2005,7,7,1200,,HU,17.6,-74.9,90,967,120,105,75,100,75,45,20,40,40,15,0,20
AL042005,DENNIS,2005,7,7,1800,,HU,18.5,-76.1,100,957,120,110,75,100,75,70,20,50,40,30,15,30
AL042005,DENNIS,2005,7,8,0,,HU,19.4,-77.1,120,951,120,110,75,100,75,70,25,50,45,30,20,30
AL042005,DENNIS,2005,7,8,245,L,HU,19.9,-77.6,120,956,-999,-999,-999,-999,-999,-999,-999,-999,-999,-999,-999,-999
AL042005,DENNIS,2005,7,8,600,,HU,20.3,-78.4,110,953,120,110,75,100,75,75,25,50,45,30,20,30
AL042005,DENNIS,2005,7,8,1200,,HU,20.9,-79.5,130,938,140,120,75,100,75,75,25,50,45,30,20,30
AL042005,DENNIS,2005,7,8,1800,,HU,22,-80.6,120,941,140,140,75,120,90,75,30,55,55,35,20,30
AL042005,DENNIS,2005,7,8,1845,L,HU,22.1,-80.7,120,941,-999,-999,-999,-999,-999,-999,-999,-999,-999,-999,-999,-999
AL042005,DENNIS,2005,7,9,0,,HU,22.7,-81.6,100,960,150,150,75,140,90,75,30,55,55,35,20,30
AL042005,DENNIS,2005,7,9,600,,HU,23.4,-82.5,75,973,175,150,75,140,90,75,30,55,55,35,20,30
AL042005,DENNIS,2005,7,9,1200,,HU,24.3,-83.4,80,967,175,150,75,140,90,75,30,55,45,25,15,25
AL042005,DENNIS,2005,7,9,1800,,HU,25.2,-84.2,90,962,175,175,80,150,100,75,30,55,35,25,15,25
AL042005,DENNIS,2005,7,10,0,,HU,26.1,-85,110,942,175,200,80,150,100,75,30,55,35,25,15,25
AL042005,DENNIS,2005,7,10,600,,HU,27.2,-85.8,125,935,175,200,90,150,100,75,30,60,35,25,15,25
AL042005,DENNIS,2005,7,10,1200,,HU,28.5,-86.3,120,930,175,200,90,115,100,75,30,50,25,25,15,25
AL042005,DENNIS,2005,7,10,1930,L,HU,30.4,-87.1,105,946,-999,-999,-999,-999,-999,-999,-999,-999,-999,-999,-999,-999
AL042005,DENNIS,2005,7,11,0,,TS,31.5,-87.7,45,970,60,60,30,60,0,0,0,0,0,0,0,0
AL042005,DENNIS,2005,7,11,600,,TD,32.6,-88.5,30,991,0,0,0,0,0,0,0,0,0,0,0,0
AL042005,DENNIS,2005,7,11,1200,,TD,33.9,-88.8,25,997,0,0,0,0,0,0,0,0,0,0,0,0
AL042005,DENNIS,2005,7,11,1800,,TD,35.3,-89.1,20,1002,0,0,0,0,0,0,0,0,0,0,0,0
AL042005,DENNIS,2005,7,12,0,,TD,36.4,-89.2,20,1003,0,0,0,0,0,0,0,0,0,0,0,0
AL042005,DENNIS,2005,7,12,600,,TD,37.1,-89,15,1005,0,0,0,0,0,0,0,0,0,0,0,0
AL042005,DENNIS,2005,7,12,1200,,TD,37.7,-88.7,15,1007,0,0,0,0,0,0,0,0,0,0,0,0
AL042005,DENNIS,2005,7,12,1800,,TD,38.1,-88.3,15,1008,0,0,0,0,0,0,0,0,0,0,0,0
AL042005,DENNIS,2005,7,13,0,,TD,38.5,-87.8,15,1009,0,0,0,0,0,0,0,0,0,0,0,0
AL042005,DENNIS,2005,7,13,600,,TD,38.9,-87.2,15,1010,0,0,0,0,0,0,0,0,0,0,0,0
AL042005,DENNIS,2005,7,13,1200,,LO,39.2,-86.5,15,1010,0,0,0,0,0,0,0,0,0,0,0,0
AL042005,DENNIS,2005,7,13,1800,,LO,39.2,-85.8,15,1010,0,0,0,0,0,0,0,0,0,0,0,0
AL042005,DENNIS,2005,7,14,0,,LO,39.2,-85.7,10,1009,0,0,0,0,0,0,0,0,0,0,0,0
AL042005,DENNIS,2005,7,14,600,,LO,39,-85.6,10,1009,0,0,0,0,0,0,0,0,0,0,0,0
AL042005,DENNIS,2005,7,14,1200,,LO,38.7,-85.6,10,1010,0,0,0,0,0,0,0,0,0,0,0,0
AL042005,DENNIS,2005,7,14,1800,,LO,38.4,-85.6,10,1010,0,0,0,0,0,0,0,0,0,0,0,0
AL042005,DENNIS,2005,7,15,0,,LO,38.1,-85.8,10,1009,0,0,0,0,0,0,0,0,0,0,0,0
AL042005,DENNIS,2005,7,15,600,,LO,37.9,-86.2,10,1010,0,0,0,0,0,0,0,0,0,0,0,0
AL042005,DENNIS,2005,7,15,1200,,LO,38.1,-86.4,10,1012,0,0,0,0,0,0,0,0,0,0,0,0
AL042005,DENNIS,2005,7,15,1800,,LO,38.4,-86.6,10,1012,0,0,0,0,0,0,0,0,0,0,0,0
AL042005,DENNIS,2005,7,16,0,,LO,38.6,-86.8,10,1011,0,0,0,0,0,0,0,0,0,0,0,0
AL042005,DENNIS,2005,7,16,600,,LO,39.4,-86.5,10,1013,0,0,0,0,0,0,0,0,0,0,0,0
AL042005,DENNIS,2005,7,16,1200,,LO,40.2,-86.2,10,1013,0,0,0,0,0,0,0,0,0,0,0,0
AL042005,DENNIS,2005,7,16,1800,,LO,40.8,-85.2,10,1014,0,0,0,0,0,0,0,0,0,0,0,0
AL042005,DENNIS,2005,7,17,0,,LO,41.3,-84.1,10,1013,0,0,0,0,0,0,0,0,0,0,0,0
AL042005,DENNIS,2005,7,17,600,,LO,42.2,-83.2,10,1013,0,0,0,0,0,0,0,0,0,0,0,0
AL042005,DENNIS,2005,7,17,1200,,LO,43.1,-82.3,10,1013,0,0,0,0,0,0,0,0,0,0,0,0
AL042005,DENNIS,2005,7,17,1800,,LO,43.9,-81.4,10,1012,0,0,0,0,0,0,0,0,0,0,0,0
AL042005,DENNIS,2005,7,18,0,,LO,44.6,-80.5,10,1010,0,0,0,0,0,0,0,0,0,0,0,0
AL042005,DENNIS,2005,7,18,600,,LO,45.8,-79.8,10,1009,0,0,0,0,0,0,0,0,0,0,0,0
AL052005,EMILY,2005,7,11,0,,TD,10.7,-42.4,25,1010,0,0,0,0,0,0,0,0,0,0,0,0
AL052005,EMILY,2005,7,11,600,,TD,10.8,-43.4,30,1009,0,0,0,0,0,0,0,0,0,0,0,0
AL052005,EMILY,2005,7,11,1200,,TD,10.9,-44.4,30,1009,0,0,0,0,0,0,0,0,0,0,0,0
AL052005,EMILY,2005,7,11,1800,,TD,11,-45.4,30,1007,0,0,0,0,0,0,0,0,0,0,0,0
AL052005,EMILY,2005,7,12,0,,TS,11,-46.8,35,1006,30,20,20,30,0,0,0,0,0,0,0,0
AL052005,EMILY,2005,7,12,600,,TS,11,-48.5,40,1005,30,20,20,30,0,0,0,0,0,0,0,0
AL052005,EMILY,2005,7,12,1200,,TS,11,-50.2,45,1004,45,20,20,45,0,0,0,0,0,0,0,0
AL052005,EMILY,2005,7,12,1800,,TS,11,-52,45,1004,45,20,20,45,0,0,0,0,0,0,0,0
AL052005,EMILY,2005,7,13,0,,TS,11,-53.7,45,1003,50,50,25,50,0,0,0,0,0,0,0,0
AL052005,EMILY,2005,7,13,600,,TS,11.1,-55.4,45,1003,50,75,40,50,0,0,0,0,0,0,0,0
AL052005,EMILY,2005,7,13,1200,,TS,11.2,-57.2,50,1003,75,80,40,50,50,60,0,0,0,0,0,0
AL052005,EMILY,2005,7,13,1800,,TS,11.4,-58.9,55,1003,100,90,40,100,60,50,0,50,0,0,0,0
AL052005,EMILY,2005,7,14,0,,HU,11.6,-60.2,70,999,100,90,40,100,60,50,0,50,20,0,0,20
AL052005,EMILY,2005,7,14,600,,HU,11.9,-61.5,75,991,100,90,40,100,60,50,0,50,25,0,0,20
AL052005,EMILY,2005,7,14,1200,,HU,12.4,-63.2,85,980,100,90,40,90,60,40,20,50,30,20,0,20
AL052005,EMILY,2005,7,14,1800,,HU,12.9,-64.9,100,971,100,75,40,90,60,40,25,50,20,20,15,20
AL052005,EMILY,2005,7,15,0,,HU,13.3,-66.7,110,959,110,75,40,110,60,30,25,50,25,15,15,20
AL052005,EMILY,2005,7,15,600,,HU,13.7,-68.4,115,952,120,70,40,120,70,30,25,50,35,25,15,20
AL052005,EMILY,2005,7,15,1200,,HU,14.1,-70.1,115,964,120,80,40,120,70,30,25,50,35,25,15,20
AL052005,EMILY,2005,7,15,1800,,HU,14.5,-71.8,95,969,120,100,30,100,60,30,15,50,30,20,10,20
AL052005,EMILY,2005,7,16,0,,HU,14.9,-73.4,110,958,120,80,50,100,75,30,20,50,40,20,10,30
AL052005,EMILY,2005,7,16,600,,HU,15.4,-75,120,953,130,80,50,100,90,30,20,50,60,20,10,30
AL052005,EMILY,2005,7,16,1200,,HU,15.9,-76.5,130,944,130,80,50,100,90,30,25,50,60,20,15,30
AL052005,EMILY,2005,7,16,1800,,HU,16.4,-78,135,937,130,80,50,110,90,30,25,50,50,20,15,30
AL052005,EMILY,2005,7,17,0,,HU,17.1,-79.5,140,929,130,80,50,110,90,30,25,50,50,20,15,30
AL052005,EMILY,2005,7,17,600,,HU,17.7,-81.2,135,940,130,80,50,110,90,35,25,60,50,25,15,30
AL052005,EMILY,2005,7,17,1200,,HU,18.3,-82.8,130,946,130,80,50,110,90,35,25,60,50,25,15,30
AL052005,EMILY,2005,7,17,1800,,HU,18.9,-84.3,125,948,130,80,50,110,90,35,25,60,50,25,15,35
AL052005,EMILY,2005,7,18,0,,HU,19.5,-85.8,120,951,130,100,50,110,100,40,25,60,50,25,15,40
AL052005,EMILY,2005,7,18,600,,HU,20.3,-87.3,115,955,130,125,50,110,100,40,25,50,50,25,15,20
AL052005,EMILY,2005,7,18,630,L,HU,20.3,-87.4,115,955,-999,-999,-999,-999,-999,-999,-999,-999,-999,-999,-999,-999
AL052005,EMILY,2005,7,18,1200,,HU,21.3,-88.9,65,975,120,125,50,90,50,30,25,50,30,0,0,0
AL052005,EMILY,2005,7,18,1800,,HU,22,-90.3,65,984,100,75,50,75,50,30,30,50,30,0,0,0
AL052005,EMILY,2005,7,19,0,,HU,22.6,-91.5,75,981,125,75,50,90,75,50,30,60,30,30,0,0
AL052005,EMILY,2005,7,19,600,,HU,23.2,-92.8,80,980,125,75,50,105,75,50,30,60,35,30,0,20
AL052005,EMILY,2005,7,19,1200,,HU,23.7,-94,80,977,125,100,50,105,75,50,30,60,35,30,10,25
AL052005,EMILY,2005,7,19,1800,,HU,24.1,-95.1,85,959,140,110,70,110,90,60,40,70,50,35,20,35
AL052005,EMILY,2005,7,20,0,,HU,24.4,-96.1,110,948,140,110,90,110,100,60,40,75,60,35,25,50
AL052005,EMILY,2005,7,20,600,,HU,24.6,-96.9,110,944,140,110,90,110,100,60,45,75,60,35,25,50
AL052005,EMILY,2005,7,20,1200,L,HU,24.8,-97.6,110,944,140,110,75,90,100,60,40,65,60,35,25,40
AL052005,EMILY,2005,7,20,1800,,TS,25,-98.7,70,975,140,110,50,60,80,60,20,35,60,20,0,15
AL052005,EMILY,2005,7,21,0,,TS,25,-99.7,45,995,90,60,30,30,0,0,0,0,0,0,0,0
AL052005,EMILY,2005,7,21,600,,TD,25,-100.5,30,1000,0,0,0,0,0,0,0,0,0,0,0,0
AL052005,EMILY,2005,7,21,1200,,TD,25,-101.1,25,1007,0,0,0,0,0,0,0,0,0,0,0,0
AL062005,FRANKLIN,2005,7,21,1800,,TD,25,-75,30,1010,0,0,0,0,0,0,0,0,0,0,0,0
AL062005,FRANKLIN,2005,7,22,0,,TS,25.7,-75.9,40,1009,35,20,0,0,0,0,0,0,0,0,0,0
AL062005,FRANKLIN,2005,7,22,600,,TS,26.2,-76.4,40,1008,35,20,0,0,0,0,0,0,0,0,0,0
AL062005,FRANKLIN,2005,7,22,1200,,TS,26.6,-76.8,45,1007,30,30,0,0,0,0,0,0,0,0,0,0
AL062005,FRANKLIN,2005,7,22,1800,,TS,27.4,-76.7,45,1006,30,45,0,0,0,0,0,0,0,0,0,0
AL062005,FRANKLIN,2005,7,23,0,,TS,28.1,-76.6,45,1003,40,75,0,0,0,0,0,0,0,0,0,0
AL062005,FRANKLIN,2005,7,23,600,,TS,28.7,-76.1,50,1001,50,75,50,20,15,20,0,0,0,0,0,0
AL062005,FRANKLIN,2005,7,23,1200,,TS,29.2,-75.4,60,1001,55,75,60,20,20,30,0,0,0,0,0,0
AL062005,FRANKLIN,2005,7,24,0,,TS,30.1,-73.5,55,1001,45,75,60,20,0,50,25,0,0,0,0,0
AL062005,FRANKLIN,2005,7,24,600,,TS,30.3,-72.6,55,1001,45,90,40,0,0,50,0,0,0,0,0,0
AL062005,FRANKLIN,2005,7,24,1200,,TS,30.7,-71.9,45,1001,45,90,40,0,0,0,0,0,0,0,0,0
AL062005,FRANKLIN,2005,7,24,1800,,TS,31.1,-71.2,45,1000,30,90,30,0,0,0,0,0,0,0,0,0
AL062005,FRANKLIN,2005,7,25,0,,TS,31.1,-71.2,40,1000,30,105,20,0,0,0,0,0,0,0,0,0
AL062005,FRANKLIN,2005,7,25,600,,TS,31,-70.5,40,1000,0,120,0,0,0,0,0,0,0,0,0,0
AL062005,FRANKLIN,2005,7,25,1200,,TS,30.9,-69.8,40,999,0,150,0,0,0,0,0,0,0,0,0,0
AL062005,FRANKLIN,2005,7,25,1800,,TS,30.9,-69.6,40,999,0,150,0,0,0,0,0,0,0,0,0,0
AL062005,FRANKLIN,2005,7,26,0,,TS,30.9,-68.6,35,1000,0,150,0,0,0,0,0,0,0,0,0,0
AL062005,FRANKLIN,2005,7,26,600,,TS,31.2,-68.2,35,1001,0,120,0,0,0,0,0,0,0,0,0,0
AL062005,FRANKLIN,2005,7,26,1200,,TS,31.7,-68.1,35,1002,0,90,0,0,0,0,0,0,0,0,0,0
AL062005,FRANKLIN,2005,7,26,1800,,TS,32.2,-68.3,35,1001,0,90,0,0,0,0,0,0,0,0,0,0
AL062005,FRANKLIN,2005,7,27,0,,TS,32.4,-68.5,40,1000,0,90,90,0,0,0,0,0,0,0,0,0
AL062005,FRANKLIN,2005,7,27,600,,TS,32.8,-68.8,40,1000,0,90,90,0,0,0,0,0,0,0,0,0
AL062005,FRANKLIN,2005,7,27,1200,,TS,33.2,-69.1,45,999,0,90,90,0,0,0,0,0,0,0,0,0
AL062005,FRANKLIN,2005,7,27,1800,,TS,33.6,-69.3,45,999,0,90,90,40,0,0,0,0,0,0,0,0
AL062005,FRANKLIN,2005,7,28,0,,TS,34.2,-69.4,50,997,60,100,100,0,0,75,0,0,0,0,0,0
AL062005,FRANKLIN,2005,7,28,600,,TS,35,-69.3,50,997,60,100,100,25,0,75,0,0,0,0,0,0
AL062005,FRANKLIN,2005,7,28,1200,,TS,36,-69.1,45,999,25,75,75,25,0,0,0,0,0,0,0,0
AL062005,FRANKLIN,2005,7,28,1800,,TS,37.1,-68,50,997,40,80,75,25,25,25,0,0,0,0,0,0
AL062005,FRANKLIN,2005,7,29,0,,TS,38.4,-66.6,50,997,40,100,75,25,25,35,25,0,0,0,0,0
AL062005,FRANKLIN,2005,7,29,600,,TS,39.6,-64.8,50,997,60,100,75,30,30,40,30,0,0,0,0,0
AL062005,FRANKLIN,2005,7,29,1200,,TS,40.8,-62.8,50,997,90,120,75,30,40,50,30,0,0,0,0,0
AL062005,FRANKLIN,2005,7,29,1800,,TS,42.2,-60.2,50,999,100,140,50,20,40,90,30,0,0,0,0,0
AL062005,FRANKLIN,2005,7,30,0,,EX,43.5,-57.5,50,1001,100,140,50,0,40,90,30,0,0,0,0,0
AL062005,FRANKLIN,2005,7,30,600,,EX,44.7,-54.6,45,1003,120,120,0,0,0,0,0,0,0,0,0,0
AL062005,FRANKLIN,2005,7,30,1200,,EX,45.8,-51.7,40,1005,130,120,0,0,0,0,0,0,0,0,0,0
AL062005,FRANKLIN,2005,7,30,1800,,EX,46.4,-48.8,40,1006,130,120,0,0,0,0,0,0,0,0,0,0
AL062005,FRANKLIN,2005,7,31,0,,EX,47.5,-46,40,1006,130,120,0,0,0,0,0,0,0,0,0,0
AL072005,GERT,2005,7,23,1800,,TD,19.3,-92.9,25,1011,0,0,0,0,0,0,0,0,0,0,0,0
AL072005,GERT,2005,7,24,0,,TD,19.8,-93.8,30,1009,0,0,0,0,0,0,0,0,0,0,0,0
AL072005,GERT,2005,7,24,600,,TS,20.8,-95,35,1009,50,0,0,50,0,0,0,0,0,0,0,0
AL072005,GERT,2005,7,24,1200,,TS,21,-95.8,35,1008,50,50,50,50,0,0,0,0,0,0,0,0
AL072005,GERT,2005,7,24,1800,,TS,21.4,-96.6,35,1007,75,75,75,75,0,0,0,0,0,0,0,0
AL072005,GERT,2005,7,25,0,L,TS,21.8,-97.6,40,1005,75,75,50,75,0,0,0,0,0,0,0,0
AL072005,GERT,2005,7,25,600,,TD,22.3,-98.6,30,1006,0,0,0,0,0,0,0,0,0,0,0,0
AL072005,GERT,2005,7,25,1200,,TD,22.5,-100,25,1006,0,0,0,0,0,0,0,0,0,0,0,0
AL072005,GERT,2005,7,25,1800,,LO,22.5,-101.4,20,1007,0,0,0,0,0,0,0,0,0,0,0,0
AL082005,HARVEY,2005,8,2,1800,,TD,28.2,-68.8,30,1006,0,0,0,0,0,0,0,0,0,0,0,0
AL082005,HARVEY,2005,8,3,0,,TD,28.9,-68.7,30,1005,0,0,0,0,0,0,0,0,0,0,0,0
AL082005,HARVEY,2005,8,3,600,,TS,29.5,-68.6,40,1003,45,60,45,0,0,0,0,0,0,0,0,0
AL082005,HARVEY,2005,8,3,1200,,TS,30.3,-68.3,45,1001,45,75,45,0,0,0,0,0,0,0,0,0
AL082005,HARVEY,2005,8,3,1800,,TS,30.9,-67.7,50,999,45,75,45,0,0,45,0,0,0,0,0,0
AL082005,HARVEY,2005,8,4,0,,TS,31.3,-66.4,50,997,45,75,45,0,0,45,0,0,0,0,0,0
AL082005,HARVEY,2005,8,4,600,,TS,31.6,-65,50,995,45,75,45,0,0,45,0,0,0,0,0,0
AL082005,HARVEY,2005,8,4,1200,,TS,31.9,-63.6,50,995,60,90,45,0,0,45,0,0,0,0,0,0
AL082005,HARVEY,2005,8,5,0,,TS,32.1,-60.5,55,994,75,60,45,45,0,25,25,0,0,0,0,0
AL082005,HARVEY,2005,8,5,600,,TS,32.4,-59.4,55,994,75,60,45,45,25,25,0,0,0,0,0,0
AL082005,HARVEY,2005,8,5,1200,,TS,32.5,-58.5,50,995,90,60,45,45,25,25,0,0,0,0,0,0
AL082005,HARVEY,2005,8,5,1800,,TS,32.5,-57.7,45,997,90,60,35,75,0,0,0,0,0,0,0,0
AL082005,HARVEY,2005,8,6,0,,TS,32.6,-57.1,45,997,90,60,25,90,0,0,0,0,0,0,0,0
AL082005,HARVEY,2005,8,6,600,,TS,33,-56.8,50,995,90,60,25,90,50,0,0,0,0,0,0,0
AL082005,HARVEY,2005,8,6,1200,,TS,33.5,-56.7,50,995,105,60,25,75,50,0,0,0,0,0,0,0
AL082005,HARVEY,2005,8,6,1800,,TS,33.5,-56.7,50,995,105,60,25,50,50,0,0,0,0,0,0,0
AL082005,HARVEY,2005,8,7,0,,TS,34.1,-55.5,50,995,105,60,25,25,50,0,0,0,0,0,0,0
AL082005,HARVEY,2005,8,7,600,,TS,35.1,-54.9,50,995,105,60,25,25,50,0,0,0,0,0,0,0
AL082005,HARVEY,2005,8,7,1200,,TS,36,-54,45,998,105,80,25,25,0,0,0,0,0,0,0,0
AL082005,HARVEY,2005,8,7,1800,,TS,36.8,-52.9,45,998,105,80,25,25,0,0,0,0,0,0,0,0
AL082005,HARVEY,2005,8,8,0,,TS,37.6,-51.9,45,998,105,100,25,50,0,0,0,0,0,0,0,0
AL082005,HARVEY,2005,8,8,600,,TS,38.6,-50.7,45,998,105,100,25,50,0,0,0,0,0,0,0,0
AL082005,HARVEY,2005,8,8,1200,,TS,39.6,-48.6,45,998,120,120,40,60,0,0,0,0,0,0,0,0
AL082005,HARVEY,2005,8,8,1800,,TS,40.4,-46.9,45,998,120,120,40,60,0,0,0,0,0,0,0,0
AL082005,HARVEY,2005,8,9,0,,EX,41.2,-45,45,997,120,120,75,75,0,0,0,0,0,0,0,0
AL082005,HARVEY,2005,8,9,600,,EX,41.8,-43,50,995,100,120,100,100,25,25,0,50,0,0,0,0
AL082005,HARVEY,2005,8,9,1200,,EX,42.3,-41.1,50,995,100,120,100,100,25,25,0,50,0,0,0,0
AL082005,HARVEY,2005,8,9,1800,,EX,43,-39,50,994,90,120,120,120,0,60,25,50,0,0,0,0
AL082005,HARVEY,2005,8,10,0,,EX,44,-37.1,50,994,90,120,120,120,0,75,25,25,0,0,0,0
AL082005,HARVEY,2005,8,10,600,,EX,44.5,-35.2,50,994,75,140,140,150,0,90,0,0,0,0,0,0
AL082005,HARVEY,2005,8,10,1200,,EX,44.5,-34.1,50,994,75,140,140,150,0,90,0,0,0,0,0,0
AL082005,HARVEY,2005,8,10,1800,,EX,44.4,-33.1,50,994,75,140,140,90,0,90,0,0,0,0,0,0
AL082005,HARVEY,2005,8,11,0,,EX,44.2,-32.2,45,997,75,120,120,50,0,0,0,0,0,0,0,0
AL082005,HARVEY,2005,8,11,600,,EX,43.9,-31.5,40,1000,0,100,100,0,0,0,0,0,0,0,0,0
AL082005,HARVEY,2005,8,11,1200,,EX,43.5,-31,35,1003,0,60,60,0,0,0,0,0,0,0,0,0
AL082005,HARVEY,2005,8,11,1800,,EX,43.3,-30.7,30,1005,0,0,0,0,0,0,0,0,0,0,0,0
AL082005,HARVEY,2005,8,12,0,,EX,43,-30.5,30,1007,0,0,0,0,0,0,0,0,0,0,0,0
AL082005,HARVEY,2005,8,12,600,,EX,42.5,-30.8,30,1008,0,0,0,0,0,0,0,0,0,0,0,0
AL082005,HARVEY,2005,8,12,1200,,EX,42,-31.4,30,1009,0,0,0,0,0,0,0,0,0,0,0,0
AL082005,HARVEY,2005,8,12,1800,,LO,41.3,-31.5,25,1010,0,0,0,0,0,0,0,0,0,0,0,0
AL082005,HARVEY,2005,8,13,0,,LO,40.7,-31.5,25,1010,0,0,0,0,0,0,0,0,0,0,0,0
AL082005,HARVEY,2005,8,13,600,,LO,40.5,-31.5,25,1011,0,0,0,0,0,0,0,0,0,0,0,0
AL082005,HARVEY,2005,8,13,1200,,LO,40.5,-31.5,25,1011,0,0,0,0,0,0,0,0,0,0,0,0
AL082005,HARVEY,2005,8,13,1800,,LO,41.2,-32,25,1012,0,0,0,0,0,0,0,0,0,0,0,0
AL082005,HARVEY,2005,8,14,0,,LO,42,-32.5,25,1015,0,0,0,0,0,0,0,0,0,0,0,0
AL092005,IRENE,2005,8,4,1800,,TD,12.9,-33.5,25,1009,0,0,0,0,0,0,0,0,0,0,0,0
AL092005,IRENE,2005,8,5,0,,TD,13.6,-34.5,25,1009,0,0,0,0,0,0,0,0,0,0,0,0
AL092005,IRENE,2005,8,5,600,,TD,14.6,-35.5,25,1009,0,0,0,0,0,0,0,0,0,0,0,0
AL092005,IRENE,2005,8,5,1200,,TD,15.6,-36.8,30,1008,0,0,0,0,0,0,0,0,0,0,0,0
AL092005,IRENE,2005,8,5,1800,,TD,16.6,-38.4,30,1008,0,0,0,0,0,0,0,0,0,0,0,0
AL092005,IRENE,2005,8,6,0,,TD,17.2,-39.8,30,1008,0,0,0,0,0,0,0,0,0,0,0,0
AL092005,IRENE,2005,8,6,600,,TD,17.7,-40.5,30,1008,0,0,0,0,0,0,0,0,0,0,0,0
AL092005,IRENE,2005,8,6,1200,,TD,18.2,-41.6,30,1008,0,0,0,0,0,0,0,0,0,0,0,0
AL092005,IRENE,2005,8,6,1800,,TD,18.8,-42.8,30,1008,0,0,0,0,0,0,0,0,0,0,0,0
AL092005,IRENE,2005,8,7,0,,TD,19.3,-43.5,30,1008,0,0,0,0,0,0,0,0,0,0,0,0
AL092005,IRENE,2005,8,7,600,,TD,19.7,-44.2,30,1007,0,0,0,0,0,0,0,0,0,0,0,0
AL092005,IRENE,2005,8,7,1200,,TS,20.2,-45,35,1005,40,0,0,0,0,0,0,0,0,0,0,0
AL092005,IRENE,2005,8,7,1800,,TS,20.8,-46,35,1005,40,0,0,0,0,0,0,0,0,0,0,0
AL092005,IRENE,2005,8,8,0,,TS,21.3,-47.2,35,1005,60,60,0,60,0,0,0,0,0,0,0,0
AL092005,IRENE,2005,8,8,600,,TS,21.8,-48.3,35,1006,60,60,0,60,0,0,0,0,0,0,0,0
AL092005,IRENE,2005,8,8,1200,,TD,22.2,-49.9,30,1009,0,0,0,0,0,0,0,0,0,0,0,0
AL092005,IRENE,2005,8,8,1800,,TD,22.4,-50.9,30,1009,0,0,0,0,0,0,0,0,0,0,0,0
AL092005,IRENE,2005,8,9,0,,TD,22.5,-52,30,1009,0,0,0,0,0,0,0,0,0,0,0,0
AL092005,IRENE,2005,8,9,600,,TD,22.4,-52.9,30,1009,0,0,0,0,0,0,0,0,0,0,0,0
AL092005,IRENE,2005,8,9,1800,,TD,22.4,-54.8,30,1009,0,0,0,0,0,0,0,0,0,0,0,0
AL092005,IRENE,2005,8,10,0,,TD,22.4,-55.7,30,1009,0,0,0,0,0,0,0,0,0,0,0,0
AL092005,IRENE,2005,8,10,600,,TD,22.3,-56.5,30,1009,0,0,0,0,0,0,0,0,0,0,0,0
AL092005,IRENE,2005,8,10,1200,,TD,22.4,-57.2,30,1009,0,0,0,0,0,0,0,0,0,0,0,0
AL092005,IRENE,2005,8,10,1800,,TD,22.8,-58.1,30,1008,0,0,0,0,0,0,0,0,0,0,0,0
AL092005,IRENE,2005,8,11,0,,TS,23.3,-59.3,35,1005,40,40,0,40,0,0,0,0,0,0,0,0
AL092005,IRENE,2005,8,11,600,,TS,23.9,-60.4,40,1003,40,40,0,40,0,0,0,0,0,0,0,0
AL092005,IRENE,2005,8,11,1200,,TS,24.7,-61.7,45,1001,50,50,0,40,0,0,0,0,0,0,0,0
AL092005,IRENE,2005,8,11,1800,,TS,25.4,-62.9,45,1001,50,50,0,40,0,0,0,0,0,0,0,0
AL092005,IRENE,2005,8,12,0,,TS,26.3,-63.8,45,1001,50,50,0,50,0,0,0,0,0,0,0,0
AL092005,IRENE,2005,8,12,600,,TS,27.2,-65.1,55,998,50,50,20,50,20,20,0,0,0,0,0,0
AL092005,IRENE,2005,8,12,1200,,TS,27.9,-66.3,55,996,50,50,20,50,20,20,0,0,0,0,0,0
AL092005,IRENE,2005,8,12,1800,,TS,28.4,-67.1,55,995,75,75,75,50,30,30,30,20,0,0,0,0
AL092005,IRENE,2005,8,13,0,,TS,28.9,-67.7,60,993,75,75,60,75,30,30,20,30,0,0,0,0
AL092005,IRENE,2005,8,13,600,,TS,29.6,-68.2,60,996,75,75,60,60,30,30,20,20,0,0,0,0
AL092005,IRENE,2005,8,13,1200,,TS,30,-69,60,997,75,75,60,60,30,30,20,20,0,0,0,0
AL092005,IRENE,2005,8,13,1800,,TS,30.8,-69.4,60,1000,90,75,60,60,30,30,20,20,0,0,0,0
AL092005,IRENE,2005,8,14,0,,TS,31.6,-69.9,60,997,90,75,60,60,30,30,20,20,0,0,0,0
AL092005,IRENE,2005,8,14,600,,TS,32.1,-70.2,55,999,90,75,60,40,40,30,0,0,0,0,0,0
AL092005,IRENE,2005,8,14,1200,,TS,33.1,-70.1,55,999,90,75,60,40,40,30,0,0,0,0,0,0
AL092005,IRENE,2005,8,14,1800,,TS,34,-70,60,994,90,75,40,40,40,35,0,0,0,0,0,0
AL092005,IRENE,2005,8,15,0,,HU,34.9,-69.5,70,989,90,90,40,60,40,40,20,30,20,20,0,0
AL092005,IRENE,2005,8,15,600,,HU,35.7,-68.7,75,985,90,90,40,60,40,40,20,30,20,20,0,0
AL092005,IRENE,2005,8,15,1200,,HU,36.3,-67.7,75,985,70,100,100,70,40,70,50,30,20,25,20,0
AL092005,IRENE,2005,8,15,1800,,HU,36.5,-66.5,80,980,70,100,100,70,40,70,50,30,20,25,20,0
AL092005,IRENE,2005,8,16,0,,HU,36.6,-65.1,80,980,70,100,70,70,30,50,50,30,20,20,20,0
AL092005,IRENE,2005,8,16,600,,HU,36.6,-64,80,978,70,100,70,70,30,50,50,30,20,20,20,0
AL092005,IRENE,2005,8,16,1200,,HU,36.6,-63,85,975,70,100,70,70,30,50,50,30,20,20,20,0
AL092005,IRENE,2005,8,16,1800,,HU,36.5,-62,90,970,70,100,100,70,30,50,50,30,20,20,20,0
AL092005,IRENE,2005,8,17,0,,HU,36.5,-61.3,80,978,70,100,100,70,30,50,50,30,20,20,20,0
AL092005,IRENE,2005,8,17,600,,HU,36.5,-60.6,75,983,80,90,65,60,40,50,30,30,20,25,15,0
AL092005,IRENE,2005,8,17,1200,,HU,36.9,-59.1,65,987,50,120,80,50,30,90,70,30,20,30,20,0
AL092005,IRENE,2005,8,17,1800,,HU,37.6,-57.3,65,987,50,120,80,50,30,90,60,30,20,30,20,0
AL092005,IRENE,2005,8,18,0,,TS,38.6,-55,60,990,60,105,60,30,0,75,0,0,0,0,0,0
AL092005,IRENE,2005,8,18,600,,TS,40.3,-52.3,60,990,60,105,60,30,0,75,0,0,0,0,0,0
AL092005,IRENE,2005,8,18,1200,,TS,43.3,-48.9,50,992,360,360,60,30,0,50,0,0,0,0,0,0
AL102005,TEN,2005,8,13,1200,,TD,13.3,-43.6,25,1009,0,0,0,0,0,0,0,0,0,0,0,0
AL102005,TEN,2005,8,13,1800,,TD,13.8,-44.7,30,1008,0,0,0,0,0,0,0,0,0,0,0,0
AL102005,TEN,2005,8,14,0,,TD,13.8,-45.7,30,1008,0,0,0,0,0,0,0,0,0,0,0,0
AL102005,TEN,2005,8,14,600,,TD,13.4,-46,25,1009,0,0,0,0,0,0,0,0,0,0,0,0
AL102005,TEN,2005,8,14,1200,,TD,13.5,-46.4,25,1009,0,0,0,0,0,0,0,0,0,0,0,0
AL102005,TEN,2005,8,14,1800,,LO,13.9,-46.7,25,1010,0,0,0,0,0,0,0,0,0,0,0,0
AL102005,TEN,2005,8,15,0,,LO,14.4,-47.4,25,1010,0,0,0,0,0,0,0,0,0,0,0,0
AL102005,TEN,2005,8,15,600,,LO,14.5,-48.4,25,1010,0,0,0,0,0,0,0,0,0,0,0,0
AL102005,TEN,2005,8,15,1200,,LO,14.6,-49.3,25,1010,0,0,0,0,0,0,0,0,0,0,0,0
AL102005,TEN,2005,8,15,1800,,LO,14.8,-49.9,25,1010,0,0,0,0,0,0,0,0,0,0,0,0
AL102005,TEN,2005,8,16,0,,LO,15.1,-50.4,25,1010,0,0,0,0,0,0,0,0,0,0,0,0
AL102005,TEN,2005,8,16,600,,LO,15.5,-51.1,25,1010,0,0,0,0,0,0,0,0,0,0,0,0
AL102005,TEN,2005,8,16,1200,,LO,16,-52,25,1010,0,0,0,0,0,0,0,0,0,0,0,0
AL102005,TEN,2005,8,16,1800,,LO,16.1,-53.2,25,1010,0,0,0,0,0,0,0,0,0,0,0,0
AL102005,TEN,2005,8,17,0,,LO,16.1,-54.1,25,1010,0,0,0,0,0,0,0,0,0,0,0,0
AL102005,TEN,2005,8,17,600,,LO,16.1,-54.9,25,1010,0,0,0,0,0,0,0,0,0,0,0,0
AL102005,TEN,2005,8,17,1200,,LO,16.7,-55.6,25,1010,0,0,0,0,0,0,0,0,0,0,0,0
AL102005,TEN,2005,8,17,1800,,LO,17.1,-56.6,25,1010,0,0,0,0,0,0,0,0,0,0,0,0
AL102005,TEN,2005,8,18,0,,LO,17.3,-57.7,25,1010,0,0,0,0,0,0,0,0,0,0,0,0
AL102005,TEN,2005,8,18,600,,LO,17.6,-58.9,25,1012,0,0,0,0,0,0,0,0,0,0,0,0
AL102005,TEN,2005,8,18,1200,,LO,18,-60.1,25,1014,0,0,0,0,0,0,0,0,0,0,0,0
AL112005,JOSE,2005,8,22,1200,,TD,19.4,-94.5,30,1006,0,0,0,0,0,0,0,0,0,0,0,0
AL112005,JOSE,2005,8,22,1800,,TS,19.6,-95,35,1004,0,30,30,0,0,0,0,0,0,0,0,0
AL112005,JOSE,2005,8,23,0,,TS,19.7,-95.7,45,1001,20,30,40,40,0,0,0,0,0,0,0,0
AL112005,JOSE,2005,8,23,330,L,TS,19.7,-96.4,50,998,-999,-999,-999,-999,-999,-999,-999,-999,-999,-999,-999,-999
AL112005,JOSE,2005,8,23,600,,TS,19.7,-96.7,35,1002,20,20,20,20,0,0,0,0,0,0,0,0
AL112005,JOSE,2005,8,23,1200,,TD,19.7,-97.7,25,1005,0,0,0,0,0,0,0,0,0,0,0,0
AL122005,KATRINA,2005,8,23,1800,,TD,23.1,-75.1,30,1008,0,0,0,0,0,0,0,0,0,0,0,0
AL122005,KATRINA,2005,8,24,0,,TD,23.4,-75.7,30,1007,0,0,0,0,0,0,0,0,0,0,0,0
AL122005,KATRINA,2005,8,24,600,,TD,23.8,-76.2,30,1007,0,0,0,0,0,0,0,0,0,0,0,0
AL122005,KATRINA,2005,8,24,1200,,TS,24.5,-76.5,35,1006,60,60,0,0,0,0,0,0,0,0,0,0
AL122005,KATRINA,2005,8,24,1800,,TS,25.4,-76.9,40,1003,60,60,0,0,0,0,0,0,0,0,0,0
AL122005,KATRINA,2005,8,25,0,,TS,26,-77.7,45,1000,60,60,0,0,0,0,0,0,0,0,0,0
AL122005,KATRINA,2005,8,25,600,,TS,26.1,-78.4,50,997,60,60,0,0,15,0,0,0,0,0,0,0
AL122005,KATRINA,2005,8,25,1200,,TS,26.2,-79,55,994,60,60,30,50,20,20,0,0,0,0,0,0
AL122005,KATRINA,2005,8,25,1800,,TS,26.2,-79.6,60,988,70,70,50,60,25,25,20,20,0,0,0,0
AL122005,KATRINA,2005,8,25,2230,L,HU,26,-80.1,70,984,-999,-999,-999,-999,-999,-999,-999,-999,-999,-999,-999,-999
AL122005,KATRINA,2005,8,26,0,,HU,25.9,-80.3,70,983,70,70,50,40,20,20,20,20,10,10,10,10
AL122005,KATRINA,2005,8,26,600,,HU,25.4,-81.3,65,987,75,75,40,30,60,60,20,20,10,10,10,10
AL122005,KATRINA,2005,8,26,1200,,HU,25.1,-82,75,979,75,75,45,25,60,60,25,20,20,20,10,10
AL122005,KATRINA,2005,8,26,1800,,HU,24.9,-82.6,85,968,75,75,55,35,60,60,35,20,20,20,15,10
AL122005,KATRINA,2005,8,27,0,,HU,24.6,-83.3,90,959,90,75,75,75,60,60,40,30,25,25,20,15
AL122005,KATRINA,2005,8,27,600,,HU,24.4,-84,95,950,130,90,90,130,60,60,45,60,35,30,30,25
AL122005,KATRINA,2005,8,27,1200,,HU,24.4,-84.7,100,942,130,90,90,130,60,60,45,60,35,30,30,25
AL122005,KATRINA,2005,8,27,1800,,HU,24.5,-85.3,100,948,140,90,90,130,70,70,60,70,45,35,35,35
AL122005,KATRINA,2005,8,28,0,,HU,24.8,-85.9,100,941,140,100,100,140,80,80,65,80,60,45,45,50
AL122005,KATRINA,2005,8,28,600,,HU,25.2,-86.7,125,930,160,160,125,140,100,100,75,100,75,75,50,75
AL122005,KATRINA,2005,8,28,1200,,HU,25.7,-87.7,145,909,180,180,125,140,120,120,75,100,90,90,50,75
AL122005,KATRINA,2005,8,28,1800,,HU,26.3,-88.6,150,902,200,180,125,180,120,120,75,120,90,90,50,90
AL122005,KATRINA,2005,8,29,0,,HU,27.2,-89.2,140,905,200,200,150,180,120,120,75,100,90,90,60,80
AL122005,KATRINA,2005,8,29,600,,HU,28.2,-89.6,125,913,200,200,150,150,120,120,75,100,90,90,60,70
AL122005,KATRINA,2005,8,29,1110,L,HU,29.3,-89.6,110,920,-999,-999,-999,-999,-999,-999,-999,-999,-999,-999,-999,-999
AL122005,KATRINA,2005,8,29,1200,,HU,29.5,-89.6,110,923,200,200,150,100,120,120,75,75,90,90,60,60
AL122005,KATRINA,2005,8,29,1445,L,HU,30.2,-89.6,105,928,-999,-999,-999,-999,-999,-999,-999,-999,-999,-999,-999,-999
AL122005,KATRINA,2005,8,29,1800,,HU,31.1,-89.6,80,948,100,180,100,100,75,100,75,75,50,50,30,30
AL122005,KATRINA,2005,8,30,0,,TS,32.6,-89.1,50,961,75,90,90,50,50,60,0,0,0,0,0,0
AL122005,KATRINA,2005,8,30,600,,TS,34.1,-88.6,40,978,75,90,75,50,0,0,0,0,0,0,0,0
AL122005,KATRINA,2005,8,30,1200,,TD,35.6,-88,30,985,0,0,0,0,0,0,0,0,0,0,0,0
AL122005,KATRINA,2005,8,30,1800,,TD,37,-87,30,990,0,0,0,0,0,0,0,0,0,0,0,0
AL122005,KATRINA,2005,8,31,0,,EX,38.6,-85.3,30,994,0,0,0,0,0,0,0,0,0,0,0,0
AL122005,KATRINA,2005,8,31,600,,EX,40.1,-82.9,25,996,0,0,0,0,0,0,0,0,0,0,0,0
AL132005,LEE,2005,8,28,1200,,TD,14,-45.1,25,1009,0,0,0,0,0,0,0,0,0,0,0,0
AL132005,LEE,2005,8,28,1800,,TD,14.9,-46.4,25,1007,0,0,0,0,0,0,0,0,0,0,0,0
AL132005,LEE,2005,8,29,0,,TD,15.7,-47.6,25,1007,0,0,0,0,0,0,0,0,0,0,0,0
AL132005,LEE,2005,8,29,600,,TD,17,-48.9,25,1007,0,0,0,0,0,0,0,0,0,0,0,0
AL132005,LEE,2005,8,29,1200,,TD,17.7,-50.6,25,1008,0,0,0,0,0,0,0,0,0,0,0,0
AL132005,LEE,2005,8,29,1800,,LO,18.5,-52.5,20,1009,0,0,0,0,0,0,0,0,0,0,0,0
AL132005,LEE,2005,8,30,0,,LO,20.5,-53.2,20,1010,0,0,0,0,0,0,0,0,0,0,0,0
AL132005,LEE,2005,8,30,600,,LO,22.1,-53.6,20,1010,0,0,0,0,0,0,0,0,0,0,0,0
AL132005,LEE,2005,8,30,1200,,LO,24.2,-54.2,20,1010,0,0,0,0,0,0,0,0,0,0,0,0
AL132005,LEE,2005,8,30,1800,,LO,25.5,-53.6,25,1010,0,0,0,0,0,0,0,0,0,0,0,0
AL132005,LEE,2005,8,31,0,,LO,26.9,-52.7,25,1010,0,0,0,0,0,0,0,0,0,0,0,0
AL132005,LEE,2005,8,31,600,,TD,28,-51.6,30,1007,0,0,0,0,0,0,0,0,0,0,0,0
AL132005,LEE,2005,8,31,1200,,TS,29,-50.4,35,1006,60,60,0,0,0,0,0,0,0,0,0,0
AL132005,LEE,2005,8,31,1800,,TS,30.1,-50.1,35,1007,60,60,0,0,0,0,0,0,0,0,0,0
AL132005,LEE,2005,9,1,0,,TD,31.1,-50.3,30,1009,0,0,0,0,0,0,0,0,0,0,0,0
AL132005,LEE,2005,9,1,600,,TD,31.9,-51.2,30,1010,0,0,0,0,0,0,0,0,0,0,0,0
AL132005,LEE,2005,9,1,1200,,TD,31.9,-51.4,30,1010,0,0,0,0,0,0,0,0,0,0,0,0
AL132005,LEE,2005,9,1,1800,,TD,32.3,-51.5,30,1010,0,0,0,0,0,0,0,0,0,0,0,0
AL132005,LEE,2005,9,2,0,,TD,32.4,-52,25,1010,0,0,0,0,0,0,0,0,0,0,0,0
AL132005,LEE,2005,9,2,600,,LO,32.6,-52.3,25,1010,0,0,0,0,0,0,0,0,0,0,0,0
AL132005,LEE,2005,9,2,1200,,LO,33.2,-52.3,25,1010,0,0,0,0,0,0,0,0,0,0,0,0
AL132005,LEE,2005,9,2,1800,,LO,33.9,-52.7,25,1010,0,0,0,0,0,0,0,0,0,0,0,0
AL132005,LEE,2005,9,3,0,,LO,34.7,-53.2,25,1010,0,0,0,0,0,0,0,0,0,0,0,0
AL132005,LEE,2005,9,3,600,,LO,35.5,-53.9,25,1010,0,0,0,0,0,0,0,0,0,0,0,0
AL132005,LEE,2005,9,3,1200,,LO,36.6,-54.2,25,1010,0,0,0,0,0,0,0,0,0,0,0,0
AL132005,LEE,2005,9,3,1800,,LO,37.4,-53.9,25,1010,0,0,0,0,0,0,0,0,0,0,0,0
AL142005,MARIA,2005,9,1,1200,,TD,18.8,-45.5,30,1008,0,0,0,0,0,0,0,0,0,0,0,0
AL142005,MARIA,2005,9,1,1800,,TD,19.3,-46.2,30,1008,0,0,0,0,0,0,0,0,0,0,0,0
AL142005,MARIA,2005,9,2,0,,TD,19.9,-47.2,30,1008,0,0,0,0,0,0,0,0,0,0,0,0
AL142005,MARIA,2005,9,2,600,,TD,20.5,-48.3,30,1008,0,0,0,0,0,0,0,0,0,0,0,0
AL142005,MARIA,2005,9,2,1200,,TS,21.1,-49.4,35,1006,60,0,0,30,0,0,0,0,0,0,0,0
AL142005,MARIA,2005,9,2,1800,,TS,21.5,-50.2,40,1003,60,0,0,60,0,0,0,0,0,0,0,0
AL142005,MARIA,2005,9,3,0,,TS,22,-51,45,1001,60,30,30,60,0,0,0,0,0,0,0,0
AL142005,MARIA,2005,9,3,600,,TS,23,-52,45,1000,60,30,30,60,0,0,0,0,0,0,0,0
AL142005,MARIA,2005,9,3,1200,,TS,24.4,-53.1,50,997,100,30,0,60,25,0,0,0,0,0,0,0
AL142005,MARIA,2005,9,3,1800,,TS,25.5,-54,55,994,100,60,20,60,25,0,0,0,0,0,0,0
AL142005,MARIA,2005,9,4,0,,TS,26.5,-54.6,60,990,100,60,30,60,25,25,0,0,0,0,0,0
AL142005,MARIA,2005,9,4,600,,HU,27.5,-55.1,65,987,100,60,30,60,25,25,20,20,10,10,10,10
AL142005,MARIA,2005,9,4,1200,,HU,28.6,-55.5,65,987,100,75,40,75,30,30,20,30,15,15,10,15
AL142005,MARIA,2005,9,4,1800,,HU,29.6,-56,75,980,100,75,40,75,30,30,20,30,15,15,10,15
AL142005,MARIA,2005,9,5,0,,HU,30.2,-56.5,75,980,100,75,40,75,30,30,20,30,15,15,10,15
AL142005,MARIA,2005,9,5,600,,HU,30.9,-56.8,80,977,100,80,50,75,30,30,25,30,15,15,15,15
AL142005,MARIA,2005,9,5,1200,,HU,31.5,-56.8,85,975,100,100,60,80,50,50,30,40,20,20,20,20
AL142005,MARIA,2005,9,5,1800,,HU,32.1,-56.7,90,970,100,100,60,80,50,50,30,40,20,20,20,20
AL142005,MARIA,2005,9,6,0,,HU,32.6,-56.6,100,962,100,100,60,80,50,50,30,40,20,20,20,20
AL142005,MARIA,2005,9,6,600,,HU,33,-56.5,90,970,100,100,60,80,50,50,30,40,20,20,15,15
AL142005,MARIA,2005,9,6,1200,,HU,33.5,-56,80,975,120,120,60,80,75,75,30,40,20,20,15,15
AL142005,MARIA,2005,9,6,1800,,HU,33.9,-55.4,75,980,120,120,60,80,75,75,30,40,20,20,15,15
AL142005,MARIA,2005,9,7,0,,HU,34.4,-54.6,65,987,120,120,60,80,75,75,30,40,35,35,20,25
AL142005,MARIA,2005,9,7,600,,HU,34.8,-53.3,70,983,140,140,120,140,75,90,60,90,45,45,45,45
AL142005,MARIA,2005,9,7,1200,,HU,35.6,-51.8,75,980,150,175,150,200,100,120,100,125,45,75,60,75
AL142005,MARIA,2005,9,7,1800,,HU,36.5,-50.8,75,980,150,175,150,200,100,120,100,125,45,75,60,75
AL142005,MARIA,2005,9,8,0,,HU,37.2,-49.9,70,982,175,200,175,175,100,120,100,100,45,75,60,60
AL142005,MARIA,2005,9,8,600,,HU,37.9,-49,65,985,175,200,175,175,100,120,100,100,45,75,60,60
AL142005,MARIA,2005,9,8,1200,,HU,38.7,-48,65,985,200,225,175,175,100,120,100,90,0,75,0,0
AL142005,MARIA,2005,9,8,1800,,HU,39.1,-47.2,65,985,200,225,175,175,100,120,100,90,0,75,0,0
AL142005,MARIA,2005,9,9,0,,TS,39.4,-46.4,60,987,200,225,175,175,100,120,100,90,0,0,0,0
AL142005,MARIA,2005,9,9,600,,TS,39.8,-44.9,55,987,175,225,175,150,100,120,120,90,0,0,0,0
AL142005,MARIA,2005,9,9,1200,,TS,40.4,-43.4,55,988,150,200,200,100,75,120,120,45,0,0,0,0
AL142005,MARIA,2005,9,9,1800,,TS,41.1,-42.1,50,988,150,200,200,100,75,120,120,45,0,0,0,0
AL142005,MARIA,2005,9,10,0,,TS,41.9,-40.6,50,988,150,200,200,100,75,120,120,45,0,0,0,0
AL142005,MARIA,2005,9,10,600,,TS,42.9,-39.2,50,988,150,200,200,150,75,120,120,75,0,0,0,0
AL142005,MARIA,2005,9,10,1200,,EX,44.5,-37.7,50,980,200,300,200,180,150,200,150,120,0,0,0,0
AL142005,MARIA,2005,9,10,1800,,EX,46,-36.3,55,975,300,300,250,200,200,200,180,150,0,0,0,0
AL142005,MARIA,2005,9,11,0,,EX,48,-35,60,975,300,300,250,200,200,200,180,150,0,0,0,0
AL142005,MARIA,2005,9,11,600,,EX,50,-34,60,974,300,350,250,200,200,250,180,150,0,0,0,0
AL142005,MARIA,2005,9,11,1200,,EX,52,-32.9,65,971,300,400,250,200,200,300,150,120,180,250,0,0
AL142005,MARIA,2005,9,11,1800,,EX,54,-32,65,968,300,400,250,200,200,300,150,120,180,250,0,0
AL142005,MARIA,2005,9,12,0,,EX,55.5,-31,65,962,300,400,250,200,200,300,150,120,180,250,0,0
AL142005,MARIA,2005,9,12,600,,EX,57,-29,65,967,300,400,250,200,200,300,150,120,180,250,0,0
AL142005,MARIA,2005,9,12,1200,,EX,58.5,-26,65,970,300,400,250,200,200,300,150,120,180,250,0,0
AL142005,MARIA,2005,9,12,1800,,EX,61,-23,60,972,300,350,250,200,200,250,150,120,0,0,0,0
AL142005,MARIA,2005,9,13,0,,EX,62,-21,55,974,300,300,250,200,200,200,150,120,0,0,0,0
AL142005,MARIA,2005,9,13,600,,EX,62.9,-19,50,976,300,300,250,200,200,200,150,120,0,0,0,0
AL142005,MARIA,2005,9,13,1200,,EX,63.5,-16,45,980,300,300,300,200,0,0,0,0,0,0,0,0
AL142005,MARIA,2005,9,13,1800,,EX,63,-10,45,983,300,300,400,200,0,0,0,0,0,0,0,0
AL142005,MARIA,2005,9,14,0,,EX,63,0,45,984,300,300,500,200,0,0,0,0,0,0,0,0
AL152005,NATE,2005,9,5,1800,,TD,28.4,-67,30,1008,0,0,0,0,0,0,0,0,0,0,0,0
AL152005,NATE,2005,9,6,0,,TS,28.4,-66.6,35,1005,40,40,40,40,0,0,0,0,0,0,0,0
AL152005,NATE,2005,9,6,600,,TS,28.5,-66.5,40,1002,40,40,40,40,0,0,0,0,0,0,0,0
AL152005,NATE,2005,9,6,1200,,TS,28.5,-66.5,50,1000,40,40,40,40,25,25,25,25,0,0,0,0
AL152005,NATE,2005,9,6,1800,,TS,28.6,-66.4,50,997,60,60,40,60,30,30,20,30,0,0,0,0
AL152005,NATE,2005,9,7,0,,TS,28.7,-66.3,55,994,80,60,40,60,40,30,20,30,0,0,0,0
AL152005,NATE,2005,9,7,600,,TS,28.7,-66.3,60,990,80,60,40,60,40,30,20,30,0,0,0,0
AL152005,NATE,2005,9,7,1200,,HU,28.9,-66.2,65,987,100,100,60,80,40,40,30,40,20,20,0,20
AL152005,NATE,2005,9,7,1800,,HU,29.3,-66,70,985,100,100,60,80,40,40,30,40,20,20,20,20
AL152005,NATE,2005,9,8,0,,HU,29.6,-65.7,75,984,100,100,60,80,40,40,30,40,20,20,20,20
AL152005,NATE,2005,9,8,600,,HU,30,-65,75,982,100,100,60,80,40,40,30,40,20,20,20,20
AL152005,NATE,2005,9,8,1200,,HU,30.5,-63.8,75,982,120,120,60,60,40,40,40,40,20,20,20,20
AL152005,NATE,2005,9,8,1800,,HU,31.4,-62.7,75,982,120,120,60,60,40,40,40,40,20,20,20,20
AL152005,NATE,2005,9,9,0,,HU,32.6,-61.1,80,979,200,180,90,120,75,75,30,75,25,25,20,20
AL152005,NATE,2005,9,9,600,,HU,33.4,-59.1,70,985,240,180,90,120,120,90,30,75,60,50,20,50
AL152005,NATE,2005,9,9,1200,,HU,34,-55.8,65,986,150,210,180,120,90,120,90,45,0,45,0,0
AL152005,NATE,2005,9,9,1800,,TS,34.5,-53.4,55,991,150,210,180,120,90,120,90,45,0,0,0,0
AL152005,NATE,2005,9,10,0,,TS,34.7,-50.8,55,997,150,180,150,120,90,120,90,45,0,0,0,0
AL152005,NATE,2005,9,10,600,,TS,34.6,-49,45,997,150,180,150,120,0,0,0,0,0,0,0,0
AL152005,NATE,2005,9,10,1200,,TS,34.5,-45.9,45,997,75,175,175,125,0,0,0,0,0,0,0,0
AL152005,NATE,2005,9,10,1800,,EX,34.9,-44.1,45,997,75,175,150,75,0,0,0,0,0,0,0,0
AL152005,NATE,2005,9,11,0,,EX,35.2,-42.1,40,999,100,175,125,40,0,0,0,0,0,0,0,0
AL152005,NATE,2005,9,11,600,,EX,36,-40.6,40,1000,150,200,85,0,0,0,0,0,0,0,0,0
AL152005,NATE,2005,9,11,1200,,EX,37.4,-38.3,40,1001,250,250,0,0,0,0,0,0,0,0,0,0
AL152005,NATE,2005,9,11,1800,,EX,39.2,-35.6,40,1001,300,300,0,0,0,0,0,0,0,0,0,0
AL152005,NATE,2005,9,12,0,,EX,41.6,-33.3,40,1002,350,350,0,0,0,0,0,0,0,0,0,0
AL152005,NATE,2005,9,12,600,,EX,43.5,-32,35,1002,350,400,0,0,0,0,0,0,0,0,0,0
AL152005,NATE,2005,9,12,1200,,EX,44,-28.1,35,1003,350,400,0,0,0,0,0,0,0,0,0,0
AL152005,NATE,2005,9,12,1800,,EX,46,-25,35,1003,350,400,0,0,0,0,0,0,0,0,0,0
AL162005,OPHELIA,2005,9,6,600,,TD,25.8,-78.6,25,1009,0,0,0,0,0,0,0,0,0,0,0,0
AL162005,OPHELIA,2005,9,6,1200,,TD,26.3,-78.3,25,1010,0,0,0,0,0,0,0,0,0,0,0,0
AL162005,OPHELIA,2005,9,6,1600,L,TD,26.6,-78.3,25,1010,0,0,0,0,0,0,0,0,0,0,0,0
AL162005,OPHELIA,2005,9,6,1800,,TD,26.8,-78.3,25,1010,0,0,0,0,0,0,0,0,0,0,0,0
AL162005,OPHELIA,2005,9,7,0,,TD,27.4,-78.5,30,1006,0,0,0,0,0,0,0,0,0,0,0,0
AL162005,OPHELIA,2005,9,7,600,,TS,27.9,-78.8,35,1003,60,0,0,60,0,0,0,0,0,0,0,0
AL162005,OPHELIA,2005,9,7,1200,,TS,28.7,-79.2,40,1000,60,0,0,60,0,0,0,0,0,0,0,0
AL162005,OPHELIA,2005,9,7,1800,,TS,28.8,-79.3,45,997,60,30,30,45,0,0,0,0,0,0,0,0
AL162005,OPHELIA,2005,9,8,0,,TS,28.8,-79.3,45,994,60,30,30,45,0,0,0,0,0,0,0,0
AL162005,OPHELIA,2005,9,8,600,,TS,28.7,-79.6,50,994,60,40,40,60,20,20,20,20,0,0,0,0
AL162005,OPHELIA,2005,9,8,1200,,TS,28.6,-79.6,55,988,60,40,40,60,20,20,20,20,0,0,0,0
AL162005,OPHELIA,2005,9,8,1800,,TS,28.6,-79.5,60,988,70,70,70,70,25,30,30,25,0,0,0,0
AL162005,OPHELIA,2005,9,9,0,,HU,28.6,-79.3,65,990,60,60,60,60,30,30,25,25,20,20,0,0
AL162005,OPHELIA,2005,9,9,600,,TS,28.9,-79.3,55,990,60,60,60,50,25,25,25,25,0,0,0,0
AL162005,OPHELIA,2005,9,9,1200,,TS,29.3,-79.1,55,983,60,60,60,60,25,25,25,25,0,0,0,0
AL162005,OPHELIA,2005,9,9,1800,,HU,29.8,-78.5,65,983,65,65,65,75,30,35,35,30,0,25,25,0
AL162005,OPHELIA,2005,9,10,0,,TS,30.2,-77.5,60,983,65,75,65,75,35,35,35,35,0,0,0,0
AL162005,OPHELIA,2005,9,10,600,,TS,30.9,-76.9,60,984,90,90,65,90,50,50,35,35,0,0,0,0
AL162005,OPHELIA,2005,9,10,1200,,HU,31.5,-76.6,65,976,105,105,75,120,50,50,35,35,0,25,0,0
AL162005,OPHELIA,2005,9,10,1800,,HU,31.7,-76.2,70,977,120,120,90,120,50,50,35,50,25,25,0,0
AL162005,OPHELIA,2005,9,11,0,,HU,31.8,-75.9,70,977,130,120,90,120,50,50,50,50,25,25,30,30
AL162005,OPHELIA,2005,9,11,600,,HU,31.7,-75.9,75,978,130,130,90,130,50,50,50,50,25,25,30,30
AL162005,OPHELIA,2005,9,11,1200,,HU,31.6,-75.7,70,978,130,130,100,130,50,50,50,50,25,30,30,25
AL162005,OPHELIA,2005,9,11,1800,,HU,31.4,-75.9,65,978,130,140,100,140,50,70,45,70,25,25,15,25
AL162005,OPHELIA,2005,9,12,0,,TS,31.2,-76.2,60,980,130,140,110,140,50,70,50,70,0,0,0,0
AL162005,OPHELIA,2005,9,12,600,,TS,31.2,-76.6,60,985,130,140,110,140,50,70,50,70,0,0,0,0
AL162005,OPHELIA,2005,9,12,1200,,TS,31.5,-76.9,55,988,130,140,100,130,60,70,0,70,0,0,0,0
AL162005,OPHELIA,2005,9,12,1800,,TS,31.7,-77.3,60,989,140,140,100,120,70,70,0,70,0,0,0,0
AL162005,OPHELIA,2005,9,13,0,,TS,31.8,-77.7,60,989,140,120,120,120,70,70,70,70,0,0,0,0
AL162005,OPHELIA,2005,9,13,600,,TS,31.9,-77.9,60,990,140,120,120,120,70,70,70,70,0,0,0,0
AL162005,OPHELIA,2005,9,13,1200,,TS,32.1,-78,60,989,140,120,100,100,70,60,60,60,0,0,0,0
AL162005,OPHELIA,2005,9,13,1800,,TS,32.3,-78.1,60,988,140,120,100,100,70,60,50,50,0,0,0,0
AL162005,OPHELIA,2005,9,14,0,,HU,32.6,-78.1,65,985,120,120,100,100,60,60,60,60,30,30,45,45
AL162005,OPHELIA,2005,9,14,600,,HU,32.9,-78,70,980,120,120,100,70,60,75,60,45,30,45,45,30
AL162005,OPHELIA,2005,9,14,1200,,HU,33.4,-77.7,75,980,120,120,100,70,60,75,60,45,30,45,45,30
AL162005,OPHELIA,2005,9,14,1800,,HU,33.9,-77.5,75,979,120,120,100,70,60,75,60,50,30,45,30,30
AL162005,OPHELIA,2005,9,15,0,,HU,34.2,-76.9,75,979,120,120,100,50,75,75,60,35,35,35,30,25
AL162005,OPHELIA,2005,9,15,600,,HU,34.5,-76.3,70,982,120,120,100,50,75,75,60,35,35,35,30,25
AL162005,OPHELIA,2005,9,15,1200,,HU,34.7,-75.8,65,984,120,120,100,50,75,75,60,35,35,35,30,25
AL162005,OPHELIA,2005,9,15,1800,,HU,34.7,-75.6,65,986,120,120,100,50,60,60,50,35,35,35,0,0
AL162005,OPHELIA,2005,9,16,0,,TS,34.6,-75.1,60,987,100,120,100,50,50,60,50,35,0,0,0,0
AL162005,OPHELIA,2005,9,16,600,,TS,34.7,-74.8,55,993,100,100,75,60,50,60,45,30,0,0,0,0
AL162005,OPHELIA,2005,9,16,1200,,TS,35.4,-74.4,50,995,100,100,75,60,50,60,0,0,0,0,0,0
AL162005,OPHELIA,2005,9,16,1800,,TS,36.4,-73.6,55,993,100,100,75,60,50,60,0,0,0,0,0,0
AL162005,OPHELIA,2005,9,17,0,,TS,37.3,-72.7,55,995,100,125,90,50,60,75,0,0,0,0,0,0
AL162005,OPHELIA,2005,9,17,600,,TS,38.7,-71.4,50,1000,120,150,90,50,75,90,0,0,0,0,0,0
AL162005,OPHELIA,2005,9,17,1200,,TS,40,-69.7,50,997,120,150,90,50,75,90,0,0,0,0,0,0
AL162005,OPHELIA,2005,9,17,1800,,TS,41.6,-67.3,50,995,120,150,90,50,75,90,0,0,0,0,0,0
AL162005,OPHELIA,2005,9,18,0,,EX,43.2,-64.9,45,996,120,150,90,40,0,0,0,0,0,0,0,0
AL162005,OPHELIA,2005,9,18,600,,EX,44.8,-62.6,45,1000,120,150,90,40,0,0,0,0,0,0,0,0
AL162005,OPHELIA,2005,9,18,1200,,EX,46.2,-59.9,45,1000,120,150,90,40,0,0,0,0,0,0,0,0
AL162005,OPHELIA,2005,9,18,1800,,EX,47.4,-56.2,45,999,120,150,90,40,0,0,0,0,0,0,0,0
AL162005,OPHELIA,2005,9,19,0,,EX,48.4,-52.3,45,1000,120,150,90,40,0,0,0,0,0,0,0,0
AL162005,OPHELIA,2005,9,19,600,,EX,49,-48.8,45,1001,120,150,90,40,0,0,0,0,0,0,0,0
AL162005,OPHELIA,2005,9,19,1200,,EX,49.5,-45.7,45,1000,120,150,90,40,0,0,0,0,0,0,0,0
AL162005,OPHELIA,2005,9,19,1800,,EX,50,-42.1,45,999,120,150,90,40,0,0,0,0,0,0,0,0
AL162005,OPHELIA,2005,9,20,0,,EX,50.9,-38.5,45,998,120,150,90,40,0,0,0,0,0,0,0,0
AL162005,OPHELIA,2005,9,20,600,,EX,51.5,-34.7,40,1000,120,150,90,40,0,0,0,0,0,0,0,0
AL162005,OPHELIA,2005,9,20,1200,,EX,52.2,-30.5,40,1003,120,150,90,40,0,0,0,0,0,0,0,0
AL162005,OPHELIA,2005,9,20,1800,,EX,52.8,-26.5,40,1001,120,150,90,40,0,0,0,0,0,0,0,0
AL162005,OPHELIA,2005,9,21,0,,EX,53.8,-22,40,998,120,150,90,40,0,0,0,0,0,0,0,0
AL162005,OPHELIA,2005,9,21,600,,EX,55.3,-17.7,35,998,120,150,90,40,0,0,0,0,0,0,0,0
AL162005,OPHELIA,2005,9,21,1200,,EX,57.6,-14.6,35,998,120,150,90,40,0,0,0,0,0,0,0,0
AL162005,OPHELIA,2005,9,21,1800,,EX,59.8,-11.9,35,996,120,150,90,40,0,0,0,0,0,0,0,0
AL162005,OPHELIA,2005,9,22,0,,EX,61.7,-8.4,35,993,120,150,90,40,0,0,0,0,0,0,0,0
AL162005,OPHELIA,2005,9,22,600,,EX,63.6,-4.5,35,993,120,150,90,40,0,0,0,0,0,0,0,0
AL162005,OPHELIA,2005,9,22,1200,,EX,65.6,-1,35,994,120,150,90,40,0,0,0,0,0,0,0,0
AL162005,OPHELIA,2005,9,22,1800,,EX,67.5,1.9,30,995,0,0,0,0,0,0,0,0,0,0,0,0
AL162005,OPHELIA,2005,9,23,0,,EX,68.8,6.6,30,997,0,0,0,0,0,0,0,0,0,0,0,0
AL172005,PHILIPPE,2005,9,17,1200,,TD,13.3,-54.5,30,1008,0,0,0,0,0,0,0,0,0,0,0,0
AL172005,PHILIPPE,2005,9,17,1800,,TS,13.5,-54.9,35,1007,0,75,0,0,0,0,0,0,0,0,0,0
AL172005,PHILIPPE,2005,9,18,0,,TS,13.9,-55.1,40,1003,15,75,20,15,0,0,0,0,0,0,0,0
AL172005,PHILIPPE,2005,9,18,600,,TS,14.4,-55.3,45,1000,20,70,20,20,0,0,0,0,0,0,0,0
AL172005,PHILIPPE,2005,9,18,1200,,TS,14.9,-55.5,50,996,40,60,20,30,20,20,0,0,0,0,0,0
AL172005,PHILIPPE,2005,9,18,1800,,TS,15.6,-55.7,55,993,70,60,30,50,20,20,0,20,0,0,0,0
AL172005,PHILIPPE,2005,9,19,0,,HU,16.2,-55.8,65,987,70,60,30,50,25,25,20,25,15,15,0,0
AL172005,PHILIPPE,2005,9,19,600,,HU,16.7,-55.9,65,987,70,60,30,30,25,25,20,20,15,15,0,0
AL172005,PHILIPPE,2005,9,19,1200,,HU,17.2,-56.2,65,987,70,70,30,30,25,25,20,20,15,15,0,0
AL172005,PHILIPPE,2005,9,19,1800,,HU,17.5,-56.4,65,987,75,75,30,30,30,30,20,20,15,15,0,0
AL172005,PHILIPPE,2005,9,20,0,,HU,17.7,-56.6,70,985,75,75,30,30,30,30,20,20,15,15,0,0
AL172005,PHILIPPE,2005,9,20,600,,HU,17.9,-56.8,65,987,90,90,20,50,30,30,0,20,15,15,0,0
AL172005,PHILIPPE,2005,9,20,1200,,TS,18.1,-57,60,990,90,90,20,50,30,30,0,20,0,0,0,0
AL172005,PHILIPPE,2005,9,20,1800,,TS,18.5,-57.2,55,992,90,75,30,30,25,0,0,0,0,0,0,0
AL172005,PHILIPPE,2005,9,21,0,,TS,18.9,-57.2,55,994,90,75,30,30,25,0,0,0,0,0,0,0
AL172005,PHILIPPE,2005,9,21,600,,TS,19.4,-57.1,50,997,120,120,0,30,25,0,0,0,0,0,0,0
AL172005,PHILIPPE,2005,9,21,1200,,TS,19.9,-57,45,1000,120,120,0,0,0,0,0,0,0,0,0,0
AL172005,PHILIPPE,2005,9,21,1800,,TS,20.8,-56.9,40,1001,100,100,0,0,0,0,0,0,0,0,0,0
AL172005,PHILIPPE,2005,9,22,0,,TS,22.4,-56.7,35,1002,90,90,0,0,0,0,0,0,0,0,0,0
AL172005,PHILIPPE,2005,9,22,600,,TS,23.8,-56.8,35,1003,75,75,0,0,0,0,0,0,0,0,0,0
AL172005,PHILIPPE,2005,9,22,1200,,TS,25.2,-57.2,35,1003,75,75,0,0,0,0,0,0,0,0,0,0
AL172005,PHILIPPE,2005,9,22,1800,,TS,26.7,-57.6,35,1003,75,0,0,0,0,0,0,0,0,0,0,0
AL172005,PHILIPPE,2005,9,23,0,,TS,28.3,-58.2,35,1003,75,0,0,75,0,0,0,0,0,0,0,0
AL172005,PHILIPPE,2005,9,23,600,,TS,30.2,-60.1,35,1003,60,0,0,60,0,0,0,0,0,0,0,0
AL172005,PHILIPPE,2005,9,23,1200,,TD,30.5,-62.2,30,1003,0,0,0,0,0,0,0,0,0,0,0,0
AL172005,PHILIPPE,2005,9,23,1800,,LO,30.2,-63.7,30,1003,0,0,0,0,0,0,0,0,0,0,0,0
AL172005,PHILIPPE,2005,9,24,0,,LO,29.2,-63.8,30,1003,0,0,0,0,0,0,0,0,0,0,0,0
AL172005,PHILIPPE,2005,9,24,600,,LO,28.6,-62.8,25,1004,0,0,0,0,0,0,0,0,0,0,0,0
AL182005,RITA,2005,9,18,0,,TD,21.3,-69.9,25,1009,0,0,0,0,0,0,0,0,0,0,0,0
AL182005,RITA,2005,9,18,600,,TD,21.6,-70.7,25,1009,0,0,0,0,0,0,0,0,0,0,0,0
AL182005,RITA,2005,9,18,1200,,TD,21.9,-71.5,30,1007,0,0,0,0,0,0,0,0,0,0,0,0
AL182005,RITA,2005,9,18,1800,,TS,22.2,-72.3,35,1005,75,75,0,60,0,0,0,0,0,0,0,0
AL182005,RITA,2005,9,19,0,,TS,22.4,-73,45,1002,90,60,0,90,0,0,0,0,0,0,0,0
AL182005,RITA,2005,9,19,600,,TS,22.6,-73.8,50,999,100,50,0,90,40,0,0,40,0,0,0,0
AL182005,RITA,2005,9,19,1200,,TS,22.8,-74.7,55,997,120,50,50,90,40,0,0,40,0,0,0,0
AL182005,RITA,2005,9,19,1800,,TS,23.1,-75.9,60,994,110,60,60,90,40,30,20,40,0,0,0,0
AL182005,RITA,2005,9,20,0,,TS,23.3,-77.2,60,992,105,60,60,105,45,30,20,45,0,0,0,0
AL182005,RITA,2005,9,20,600,,TS,23.5,-78.8,60,990,105,60,60,105,45,45,20,45,0,0,0,0
AL182005,RITA,2005,9,20,1200,,HU,23.7,-80.3,70,985,110,75,60,105,45,45,20,45,25,25,0,0
AL182005,RITA,2005,9,20,1800,,HU,23.9,-81.6,85,975,120,100,60,105,60,45,40,45,40,25,20,40
AL182005,RITA,2005,9,21,0,,HU,24.1,-82.7,95,967,120,100,60,105,60,45,40,45,40,25,20,40
AL182005,RITA,2005,9,21,600,,HU,24.2,-84,110,955,120,100,60,105,60,45,40,60,40,30,25,40
AL182005,RITA,2005,9,21,1200,,HU,24.2,-85.2,120,941,135,115,80,125,75,50,40,60,50,40,30,40
AL182005,RITA,2005,9,21,1800,,HU,24.3,-86.2,145,920,150,125,100,150,90,60,50,75,60,50,40,50
AL182005,RITA,2005,9,22,0,,HU,24.5,-86.9,150,897,160,140,100,160,90,80,60,90,60,60,40,50
AL182005,RITA,2005,9,22,300,I,HU,24.7,-87.3,155,895,-999,-999,-999,-999,-999,-999,-999,-999,-999,-999,-999,-999
AL182005,RITA,2005,9,22,600,,HU,24.8,-87.6,155,897,160,140,100,160,100,80,60,90,60,60,40,50
AL182005,RITA,2005,9,22,1200,,HU,25.2,-88.3,140,908,160,140,100,160,100,80,60,90,75,75,40,75
AL182005,RITA,2005,9,22,1800,,HU,25.6,-89.1,125,913,180,140,100,140,120,90,50,80,70,60,40,50
AL182005,RITA,2005,9,23,0,,HU,26,-89.9,120,915,180,150,100,140,120,100,50,80,70,60,40,50
AL182005,RITA,2005,9,23,600,,HU,26.5,-90.7,115,924,180,150,120,140,120,100,80,100,75,60,40,50
AL182005,RITA,2005,9,23,1200,,HU,27.1,-91.5,115,927,180,150,120,160,120,100,80,120,75,60,40,60
AL182005,RITA,2005,9,23,1800,,HU,27.8,-92.3,110,930,180,150,120,160,120,100,80,120,75,60,40,60
AL182005,RITA,2005,9,24,0,,HU,28.6,-93,105,931,180,160,120,120,120,100,80,90,75,60,40,60
AL182005,RITA,2005,9,24,600,,HU,29.4,-93.6,100,935,180,160,120,120,120,100,80,90,75,60,40,60
AL182005,RITA,2005,9,24,740,L,HU,29.7,-93.7,100,937,-999,-999,-999,-999,-999,-999,-999,-999,-999,-999,-999,-999
AL182005,RITA,2005,9,24,1200,,HU,30.5,-94.1,65,949,60,160,120,50,45,45,45,45,30,30,30,30
AL182005,RITA,2005,9,24,1800,,TS,31.6,-94.1,45,974,50,120,120,50,0,0,0,0,0,0,0,0
AL182005,RITA,2005,9,25,0,,TS,32.7,-94,35,982,50,50,30,50,0,0,0,0,0,0,0,0
AL182005,RITA,2005,9,25,600,,TD,33.7,-93.6,30,989,0,0,0,0,0,0,0,0,0,0,0,0
AL182005,RITA,2005,9,25,1200,,TD,34.7,-92.5,25,995,0,0,0,0,0,0,0,0,0,0,0,0
AL182005,RITA,2005,9,25,1800,,TD,35.8,-91.4,25,1000,0,0,0,0,0,0,0,0,0,0,0,0
AL182005,RITA,2005,9,26,0,,TD,37,-90.1,20,1003,0,0,0,0,0,0,0,0,0,0,0,0
AL182005,RITA,2005,9,26,600,,LO,39.5,-88,20,1006,0,0,0,0,0,0,0,0,0,0,0,0
AL192005,NINETEEN,2005,9,30,1200,,TD,11.8,-32.7,25,1009,0,0,0,0,0,0,0,0,0,0,0,0
AL192005,NINETEEN,2005,9,30,1800,,TD,12.2,-33,30,1007,0,0,0,0,0,0,0,0,0,0,0,0
AL192005,NINETEEN,2005,10,1,0,,TD,12.7,-33.3,30,1006,0,0,0,0,0,0,0,0,0,0,0,0
AL192005,NINETEEN,2005,10,1,600,,TD,13.3,-33.5,30,1008,0,0,0,0,0,0,0,0,0,0,0,0
AL192005,NINETEEN,2005,10,1,1200,,TD,13.8,-33.7,30,1008,0,0,0,0,0,0,0,0,0,0,0,0
AL192005,NINETEEN,2005,10,1,1800,,TD,14.4,-33.9,30,1008,0,0,0,0,0,0,0,0,0,0,0,0
AL192005,NINETEEN,2005,10,2,0,,TD,15,-33.8,30,1008,0,0,0,0,0,0,0,0,0,0,0,0
AL192005,NINETEEN,2005,10,2,600,,TD,15.7,-34.3,25,1008,0,0,0,0,0,0,0,0,0,0,0,0
AL192005,NINETEEN,2005,10,2,1200,,TD,16.6,-35.3,25,1009,0,0,0,0,0,0,0,0,0,0,0,0
AL202005,STAN,2005,10,1,1200,,TD,18.9,-85.6,25,1007,0,0,0,0,0,0,0,0,0,0,0,0
AL202005,STAN,2005,10,1,1800,,TD,19.1,-86.2,30,1005,0,0,0,0,0,0,0,0,0,0,0,0
AL202005,STAN,2005,10,2,0,,TD,19.3,-86.7,30,1004,0,0,0,0,0,0,0,0,0,0,0,0
AL202005,STAN,2005,10,2,600,,TS,19.5,-87.2,40,1003,60,90,0,0,0,0,0,0,0,0,0,0
AL202005,STAN,2005,10,2,1000,L,TS,19.6,-87.5,35,1003,-999,-999,-999,-999,-999,-999,-999,-999,-999,-999,-999,-999
AL202005,STAN,2005,10,2,1200,,TS,19.8,-87.9,35,1003,105,105,0,0,0,0,0,0,0,0,0,0
AL202005,STAN,2005,10,2,1800,,TS,20.3,-88.8,35,1004,105,0,0,0,0,0,0,0,0,0,0,0
AL202005,STAN,2005,10,3,0,,TD,20.5,-89.8,30,1003,0,0,0,0,0,0,0,0,0,0,0,0
AL202005,STAN,2005,10,3,600,,TS,20.5,-91,35,1003,100,0,0,0,0,0,0,0,0,0,0,0
AL202005,STAN,2005,10,3,1200,,TS,20.3,-91.7,40,1000,100,45,0,30,0,0,0,0,0,0,0,0
AL202005,STAN,2005,10,3,1800,,TS,20.1,-92.2,50,997,75,45,0,75,30,30,0,0,0,0,0,0
AL202005,STAN,2005,10,4,0,,TS,19.8,-93.2,55,990,75,45,0,75,30,30,0,0,0,0,0,0
AL202005,STAN,2005,10,4,600,,HU,19.2,-94.1,65,987,90,75,75,75,45,30,30,30,15,0,15,15
AL202005,STAN,2005,10,4,1200,L,HU,18.6,-94.9,70,977,90,75,75,75,45,30,30,30,15,15,15,15
AL202005,STAN,2005,10,4,1800,,TS,17.9,-95.6,45,988,45,45,45,45,0,0,0,0,0,0,0,0
AL202005,STAN,2005,10,5,0,,TD,17.2,-96.4,30,1000,0,0,0,0,0,0,0,0,0,0,0,0
AL202005,STAN,2005,10,5,600,,TD,16.9,-97,25,1004,0,0,0,0,0,0,0,0,0,0,0,0
AL212005,UNNAMED,2005,10,4,0,,LO,33.8,-31.8,30,1012,0,0,0,0,0,0,0,0,0,0,0,0
AL212005,UNNAMED,2005,10,4,600,,SD,34.8,-30.2,30,1009,0,0,0,0,0,0,0,0,0,0,0,0
AL212005,UNNAMED,2005,10,4,1200,,SS,35.9,-28.5,35,1004,75,75,0,0,0,0,0,0,0,0,0,0
AL212005,UNNAMED,2005,10,4,1800,,SS,37.1,-26.7,45,997,90,90,0,0,0,0,0,0,0,0,0,0
AL212005,UNNAMED,2005,10,5,0,,SS,38.8,-25,45,997,90,90,0,0,0,0,0,0,0,0,0,0
AL212005,UNNAMED,2005,10,5,600,,EX,41,-23.3,40,1000,90,90,0,0,0,0,0,0,0,0,0,0
AL212005,UNNAMED,2005,10,5,1200,,EX,43.6,-23,40,1002,90,90,0,0,0,0,0,0,0,0,0,0
AL222005,TAMMY,2005,10,5,600,,TS,27.3,-79.7,35,1006,140,100,0,0,0,0,0,0,0,0,0,0
AL222005,TAMMY,2005,10,5,1200,,TS,28.3,-80.2,40,1004,180,150,0,100,0,0,0,0,0,0,0,0
AL222005,TAMMY,2005,10,5,1800,,TS,29.5,-80.9,45,1001,230,190,0,75,0,0,0,0,0,0,0,0
AL222005,TAMMY,2005,10,5,2300,L,TS,30.4,-81.4,45,1002,-999,-999,-999,-999,-999,-999,-999,-999,-999,-999,-999,-999
AL222005,TAMMY,2005,10,6,0,,TS,30.5,-81.6,45,1002,230,0,0,0,0,0,0,0,0,0,0,0
AL222005,TAMMY,2005,10,6,600,,TS,31.3,-82.8,35,1005,230,0,0,0,0,0,0,0,0,0,0,0
AL222005,TAMMY,2005,10,6,1200,,TD,31.8,-84.6,25,1005,0,0,0,0,0,0,0,0,0,0,0,0
AL222005,TAMMY,2005,10,6,1800,,TD,31.2,-85.8,15,1006,0,0,0,0,0,0,0,0,0,0,0,0
AL222005,TAMMY,2005,10,7,0,,LO,30.3,-85.6,10,1005,0,0,0,0,0,0,0,0,0,0,0,0
AL232005,TWENTY-TWO,2005,10,8,600,,SD,26.1,-57.4,30,1009,0,0,0,0,0,0,0,0,0,0,0,0
AL232005,TWENTY-TWO,2005,10,8,1200,,SD,27.7,-58.5,30,1008,0,0,0,0,0,0,0,0,0,0,0,0
AL232005,TWENTY-TWO,2005,10,8,1800,,SD,28.8,-60.1,30,1009,0,0,0,0,0,0,0,0,0,0,0,0
AL232005,TWENTY-TWO,2005,10,9,0,,SD,29.3,-62,25,1009,0,0,0,0,0,0,0,0,0,0,0,0
AL232005,TWENTY-TWO,2005,10,9,600,,SD,29.3,-63.3,25,1009,0,0,0,0,0,0,0,0,0,0,0,0
AL232005,TWENTY-TWO,2005,10,9,1200,,SD,29.5,-64.5,25,1009,0,0,0,0,0,0,0,0,0,0,0,0
AL232005,TWENTY-TWO,2005,10,9,1800,,SD,30,-65.2,25,1009,0,0,0,0,0,0,0,0,0,0,0,0
AL232005,TWENTY-TWO,2005,10,10,0,,SD,30.7,-66,25,1009,0,0,0,0,0,0,0,0,0,0,0,0
AL232005,TWENTY-TWO,2005,10,10,600,,LO,31.6,-67.5,25,1009,0,0,0,0,0,0,0,0,0,0,0,0
AL232005,TWENTY-TWO,2005,10,10,1200,,LO,32.5,-68.9,30,1009,0,0,0,0,0,0,0,0,0,0,0,0
AL232005,TWENTY-TWO,2005,10,10,1800,,LO,33.5,-70,30,1008,0,0,0,0,0,0,0,0,0,0,0,0
AL232005,TWENTY-TWO,2005,10,11,0,,LO,34.3,-71,30,1008,0,0,0,0,0,0,0,0,0,0,0,0
AL232005,TWENTY-TWO,2005,10,11,600,,LO,35.5,-71.7,30,1008,0,0,0,0,0,0,0,0,0,0,0,0
AL232005,TWENTY-TWO,2005,10,11,1200,,EX,36.7,-71.8,30,1008,0,0,0,0,0,0,0,0,0,0,0,0
AL232005,TWENTY-TWO,2005,10,11,1800,,EX,37.8,-71.7,30,1008,0,0,0,0,0,0,0,0,0,0,0,0
AL232005,TWENTY-TWO,2005,10,12,0,,EX,38.5,-71.9,30,1009,0,0,0,0,0,0,0,0,0,0,0,0
AL232005,TWENTY-TWO,2005,10,12,600,,EX,38.8,-72.4,30,1010,0,0,0,0,0,0,0,0,0,0,0,0
AL232005,TWENTY-TWO,2005,10,12,1200,,EX,38.9,-73,35,1011,180,0,0,0,0,0,0,0,0,0,0,0
AL232005,TWENTY-TWO,2005,10,12,1800,,EX,38.7,-73.5,40,1011,180,0,0,0,0,0,0,0,0,0,0,0
AL232005,TWENTY-TWO,2005,10,13,0,,EX,38.3,-73.5,40,1010,180,0,0,0,0,0,0,0,0,0,0,0
AL232005,TWENTY-TWO,2005,10,13,600,,EX,37.7,-73.5,40,1010,180,0,0,0,0,0,0,0,0,0,0,0
AL232005,TWENTY-TWO,2005,10,13,1200,,EX,37.2,-73,40,1008,180,0,0,0,0,0,0,0,0,0,0,0
AL232005,TWENTY-TWO,2005,10,13,1800,,EX,37.8,-73,40,1006,180,0,0,0,0,0,0,0,0,0,0,0
AL232005,TWENTY-TWO,2005,10,14,0,,EX,38,-73.4,40,1006,180,0,0,0,0,0,0,0,0,0,0,0
AL232005,TWENTY-TWO,2005,10,14,600,,EX,37.6,-73.8,40,1005,180,0,0,0,0,0,0,0,0,0,0,0
AL232005,TWENTY-TWO,2005,10,14,1200,,EX,38.6,-73.8,35,1005,180,0,0,0,0,0,0,0,0,0,0,0
AL232005,TWENTY-TWO,2005,10,14,1800,,EX,39.6,-73.8,30,1005,0,0,0,0,0,0,0,0,0,0,0,0
AL242005,VINCE,2005,10,8,600,,SS,32.9,-20.6,40,1001,60,60,60,70,0,0,0,0,0,0,0,0
AL242005,VINCE,2005,10,8,1200,,SS,33,-20.3,45,1000,60,60,50,60,0,0,0,0,0,0,0,0
AL242005,VINCE,2005,10,8,1800,,SS,33.1,-20.1,45,1000,60,60,40,50,0,0,0,0,0,0,0,0
AL242005,VINCE,2005,10,9,0,,SS,33.2,-20,45,999,60,60,40,50,0,0,0,0,0,0,0,0
AL242005,VINCE,2005,10,9,600,,SS,33.4,-19.6,50,998,50,50,50,50,20,20,20,0,0,0,0,0
AL242005,VINCE,2005,10,9,1200,,TS,33.8,-19.3,55,995,60,60,60,60,20,20,20,20,0,0,0,0
AL242005,VINCE,2005,10,9,1800,,HU,34.1,-18.9,65,988,70,70,70,70,30,30,30,30,15,15,15,15
AL242005,VINCE,2005,10,10,0,,TS,34.3,-18.3,60,990,60,70,60,50,30,30,30,20,0,0,0,0
AL242005,VINCE,2005,10,10,600,,TS,34.5,-17.2,50,992,50,60,50,20,0,40,0,0,0,0,0,0
AL242005,VINCE,2005,10,10,1200,,TS,34.7,-15.3,45,995,50,60,50,20,0,0,0,0,0,0,0,0
AL242005,VINCE,2005,10,10,1800,,TS,35.4,-12.8,35,998,50,60,50,0,0,0,0,0,0,0,0,0
AL242005,VINCE,2005,10,11,0,,TD,36.1,-10.5,30,1000,0,0,0,0,0,0,0,0,0,0,0,0
AL242005,VINCE,2005,10,11,600,,TD,36.7,-8.3,30,1002,0,0,0,0,0,0,0,0,0,0,0,0
AL242005,VINCE,2005,10,11,900,L,TD,37.2,-7.1,30,1002,0,0,0,0,0,0,0,0,0,0,0,0
AL242005,VINCE,2005,10,11,1200,,TD,37.7,-6,30,1003,0,0,0,0,0,0,0,0,0,0,0,0
AL252005,WILMA,2005,10,15,1800,,TD,17.6,-78.5,25,1004,0,0,0,0,0,0,0,0,0,0,0,0
AL252005,WILMA,2005,10,16,0,,TD,17.6,-78.8,25,1004,0,0,0,0,0,0,0,0,0,0,0,0
AL252005,WILMA,2005,10,16,600,,TD,17.5,-79,30,1003,0,0,0,0,0,0,0,0,0,0,0,0
AL252005,WILMA,2005,10,16,1200,,TD,17.5,-79.2,30,1003,0,0,0,0,0,0,0,0,0,0,0,0
AL252005,WILMA,2005,10,16,1800,,TD,17.5,-79.4,30,1002,0,0,0,0,0,0,0,0,0,0,0,0
AL252005,WILMA,2005,10,17,0,,TD,17.4,-79.6,30,1001,0,0,0,0,0,0,0,0,0,0,0,0
AL252005,WILMA,2005,10,17,600,,TS,16.9,-79.6,35,1000,0,0,40,0,0,0,0,0,0,0,0,0
AL252005,WILMA,2005,10,17,1200,,TS,16.3,-79.7,40,999,0,60,40,0,0,0,0,0,0,0,0,0
AL252005,WILMA,2005,10,17,1800,,TS,16,-79.8,45,997,30,60,60,30,0,0,0,0,0,0,0,0
AL252005,WILMA,2005,10,18,0,,TS,15.8,-79.9,55,988,60,60,60,60,20,20,20,20,0,0,0,0
AL252005,WILMA,2005,10,18,600,,TS,15.7,-79.9,60,982,60,60,50,60,20,20,20,20,0,0,0,0
AL252005,WILMA,2005,10,18,1200,,HU,16.2,-80.3,65,979,105,75,50,105,30,20,20,30,15,15,0,15
AL252005,WILMA,2005,10,18,1800,,HU,16.6,-81.1,75,975,120,75,60,120,50,30,30,50,15,15,15,15
AL252005,WILMA,2005,10,19,0,,HU,16.6,-81.8,130,946,135,90,90,135,60,30,30,60,15,15,15,15
AL252005,WILMA,2005,10,19,600,,HU,17,-82.2,150,892,140,90,90,140,60,30,30,60,30,15,15,30
AL252005,WILMA,2005,10,19,1200,,HU,17.3,-82.8,160,882,170,125,90,140,70,45,45,70,45,20,20,45
AL252005,WILMA,2005,10,19,1800,,HU,17.4,-83.4,140,892,200,200,100,150,75,60,60,75,50,40,40,50
AL252005,WILMA,2005,10,20,0,,HU,17.9,-84,135,892,200,200,110,150,75,75,60,75,60,40,40,60
AL252005,WILMA,2005,10,20,600,,HU,18.1,-84.7,130,901,200,200,110,150,75,75,60,75,60,40,40,60
AL252005,WILMA,2005,10,20,1200,,HU,18.3,-85.2,130,910,200,150,110,175,110,85,60,110,75,75,45,75
AL252005,WILMA,2005,10,20,1800,,HU,18.6,-85.5,130,917,175,150,120,175,110,90,75,110,75,75,60,75
AL252005,WILMA,2005,10,21,0,,HU,19.1,-85.8,130,924,175,150,120,175,110,90,75,110,75,75,60,75
AL252005,WILMA,2005,10,21,600,,HU,19.5,-86.1,130,930,175,150,120,175,110,90,75,110,75,75,60,75
AL252005,WILMA,2005,10,21,1200,,HU,20.1,-86.4,125,929,175,175,120,150,100,90,75,100,75,75,60,75
AL252005,WILMA,2005,10,21,1800,,HU,20.3,-86.7,120,926,175,175,120,150,100,100,75,100,75,75,60,75
AL252005,WILMA,2005,10,21,2145,L,HU,20.6,-86.8,130,927,-999,-999,-999,-999,-999,-999,-999,-999,-999,-999,-999,-999
AL252005,WILMA,2005,10,22,0,,HU,20.6,-86.8,120,930,175,175,120,150,100,100,75,100,75,75,60,75
AL252005,WILMA,2005,10,22,330,L,HU,20.8,-86.9,115,933,-999,-999,-999,-999,-999,-999,-999,-999,-999,-999,-999,-999
AL252005,WILMA,2005,10,22,600,,HU,20.8,-87,110,935,175,175,120,150,100,100,75,100,75,75,60,75
AL252005,WILMA,2005,10,22,1200,,HU,21,-87.1,100,947,175,175,120,150,100,100,75,100,75,75,60,75
AL252005,WILMA,2005,10,22,1800,,HU,21.3,-87.1,85,958,175,175,120,150,100,100,75,100,75,75,50,75
AL252005,WILMA,2005,10,23,0,,HU,21.6,-87,85,960,175,175,120,150,100,100,75,90,60,60,50,60
AL252005,WILMA,2005,10,23,600,,HU,21.8,-86.8,85,962,175,175,125,175,100,100,75,90,60,60,40,40
AL252005,WILMA,2005,10,23,1200,,HU,22.4,-86.1,85,961,200,200,125,175,100,100,75,90,60,60,40,40
AL252005,WILMA,2005,10,23,1800,,HU,23.1,-85.4,90,963,200,200,150,150,125,125,90,90,65,75,50,50
AL252005,WILMA,2005,10,24,0,,HU,24,-84.3,95,958,200,200,150,150,125,125,90,90,65,75,50,50
AL252005,WILMA,2005,10,24,600,,HU,25,-83.1,110,953,200,200,175,150,125,125,100,90,75,80,75,50
AL252005,WILMA,2005,10,24,1030,L,HU,25.9,-81.7,105,950,-999,-999,-999,-999,-999,-999,-999,-999,-999,-999,-999,-999
AL252005,WILMA,2005,10,24,1200,,HU,26.2,-81,95,950,200,225,200,150,125,150,100,90,75,90,75,40
AL252005,WILMA,2005,10,24,1800,,HU,28,-78.8,105,955,200,225,200,150,125,150,100,90,75,90,75,40
AL252005,WILMA,2005,10,25,0,,HU,30.1,-76,110,955,200,225,250,150,125,150,100,90,75,90,75,40
AL252005,WILMA,2005,10,25,600,,HU,33.3,-72,100,963,200,275,375,150,125,150,100,75,75,90,60,40
AL252005,WILMA,2005,10,25,1200,,HU,36.8,-67.9,90,970,200,300,375,175,125,150,100,75,75,90,60,40
AL252005,WILMA,2005,10,25,1800,,HU,40.5,-63.5,75,976,200,300,375,175,125,150,100,75,60,75,45,45
AL252005,WILMA,2005,10,26,0,,EX,42.5,-60,60,978,200,300,375,175,125,150,100,75,0,0,0,0
AL252005,WILMA,2005,10,26,600,,EX,44,-57.5,55,982,200,300,375,175,125,150,100,75,0,0,0,0
AL252005,WILMA,2005,10,26,1200,,EX,45,-55,50,986,200,300,375,175,125,150,100,75,0,0,0,0
AL252005,WILMA,2005,10,26,1800,,EX,45.5,-52,40,990,200,300,375,175,0,0,0,0,0,0,0,0
AL262005,ALPHA,2005,10,22,1200,,TD,15.8,-67.5,30,1007,0,0,0,0,0,0,0,0,0,0,0,0
AL262005,ALPHA,2005,10,22,1800,,TS,16.5,-68.5,35,1005,40,0,0,40,0,0,0,0,0,0,0,0
AL262005,ALPHA,2005,10,23,0,,TS,17.3,-69.6,45,1000,45,20,20,45,0,0,0,0,0,0,0,0
AL262005,ALPHA,2005,10,23,600,,TS,17.8,-70.5,45,998,40,20,0,20,0,0,0,0,0,0,0,0
AL262005,ALPHA,2005,10,23,1000,L,TS,18.3,-71.3,45,1000,-999,-999,-999,-999,-999,-999,-999,-999,-999,-999,-999,-999
AL262005,ALPHA,2005,10,23,1200,,TS,18.6,-72.2,35,1002,30,20,0,0,0,0,0,0,0,0,0,0
AL262005,ALPHA,2005,10,23,1800,,TD,19.8,-72.7,30,1004,0,0,0,0,0,0,0,0,0,0,0,0
AL262005,ALPHA,2005,10,24,0,,TD,21.6,-72.9,30,1004,0,0,0,0,0,0,0,0,0,0,0,0
AL262005,ALPHA,2005,10,24,600,,TD,23.5,-73,30,1004,0,0,0,0,0,0,0,0,0,0,0,0
AL262005,ALPHA,2005,10,24,1200,,TD,25.1,-72.4,30,1004,0,0,0,0,0,0,0,0,0,0,0,0
AL262005,ALPHA,2005,10,24,1800,,TD,27.9,-70.8,30,1004,0,0,0,0,0,0,0,0,0,0,0,0
AL272005,BETA,2005,10,26,1800,,TD,10.4,-80.9,30,1007,0,0,0,0,0,0,0,0,0,0,0,0
AL272005,BETA,2005,10,27,0,,TD,10.7,-81.1,30,1007,0,0,0,0,0,0,0,0,0,0,0,0
AL272005,BETA,2005,10,27,600,,TS,11,-81.3,35,1005,30,30,20,20,0,0,0,0,0,0,0,0
AL272005,BETA,2005,10,27,1200,,TS,11.3,-81.3,45,1000,35,35,35,25,0,0,0,0,0,0,0,0
AL272005,BETA,2005,10,27,1800,,TS,11.6,-81.3,50,997,35,35,35,25,15,15,15,10,0,0,0,0
AL272005,BETA,2005,10,28,0,,TS,11.9,-81.2,50,995,35,35,35,25,15,15,15,10,0,0,0,0
AL272005,BETA,2005,10,28,600,,TS,12.3,-81.1,50,994,35,35,35,25,10,15,15,10,0,0,0,0
AL272005,BETA,2005,10,28,1200,,TS,12.8,-81,50,993,35,35,35,25,10,15,15,10,0,0,0,0
AL272005,BETA,2005,10,28,1800,,TS,13.2,-81.1,50,991,35,35,35,35,15,15,15,15,0,0,0,0
AL272005,BETA,2005,10,29,0,,TS,13.4,-81.2,60,988,40,40,40,40,20,20,20,20,0,0,0,0
AL272005,BETA,2005,10,29,600,,HU,13.6,-81.4,70,985,45,45,45,45,25,25,25,25,15,15,15,15
AL272005,BETA,2005,10,29,1200,,HU,13.7,-81.6,75,982,50,50,50,50,25,25,25,25,15,15,15,15
AL272005,BETA,2005,10,29,1800,,HU,13.7,-82.1,75,980,50,50,50,50,25,25,25,25,15,15,15,15
AL272005,BETA,2005,10,30,0,,HU,13.6,-82.6,90,970,50,50,50,50,25,25,25,25,15,15,15,15
AL272005,BETA,2005,10,30,600,,HU,13.3,-83.1,100,962,50,50,50,50,25,25,25,25,15,15,15,15
AL272005,BETA,2005,10,30,1200,L,HU,12.9,-83.5,90,970,50,50,50,50,25,25,25,25,15,15,15,15
AL272005,BETA,2005,10,30,1800,,TS,12.7,-84.1,55,990,60,60,50,50,30,30,20,20,0,0,0,0
AL272005,BETA,2005,10,31,0,,TD,12.7,-84.9,20,1000,0,0,0,0,0,0,0,0,0,0,0,0
AL282005,GAMMA,2005,11,14,0,,TD,13.2,-62.1,30,1007,0,0,0,0,0,0,0,0,0,0,0,0
AL282005,GAMMA,2005,11,14,600,,TD,13.6,-62.8,30,1006,0,0,0,0,0,0,0,0,0,0,0,0
AL282005,GAMMA,2005,11,14,1200,,TD,13.8,-63.4,30,1006,0,0,0,0,0,0,0,0,0,0,0,0
AL282005,GAMMA,2005,11,14,1800,,TD,14.1,-64.2,30,1005,0,0,0,0,0,0,0,0,0,0,0,0
AL282005,GAMMA,2005,11,15,0,,TD,14.2,-65,30,1004,0,0,0,0,0,0,0,0,0,0,0,0
AL282005,GAMMA,2005,11,15,600,,TS,14.3,-66,35,1004,40,0,0,0,0,0,0,0,0,0,0,0
AL282005,GAMMA,2005,11,15,1200,,TS,14.4,-67.1,35,1004,40,0,0,0,0,0,0,0,0,0,0,0
AL282005,GAMMA,2005,11,15,1800,,TD,14.7,-68.4,30,1005,0,0,0,0,0,0,0,0,0,0,0,0
AL282005,GAMMA,2005,11,16,0,,TD,14.8,-69.9,30,1006,0,0,0,0,0,0,0,0,0,0,0,0
AL282005,GAMMA,2005,11,16,600,,TD,14.8,-71.5,30,1006,0,0,0,0,0,0,0,0,0,0,0,0
AL282005,GAMMA,2005,11,16,1200,,TD,14.7,-73.1,25,1006,0,0,0,0,0,0,0,0,0,0,0,0
AL282005,GAMMA,2005,11,16,1800,,WV,14.8,-75.4,25,1006,0,0,0,0,0,0,0,0,0,0,0,0
AL282005,GAMMA,2005,11,17,0,,WV,15,-77.6,25,1007,0,0,0,0,0,0,0,0,0,0,0,0
AL282005,GAMMA,2005,11,17,600,,WV,15.3,-79.7,25,1008,0,0,0,0,0,0,0,0,0,0,0,0
AL282005,GAMMA,2005,11,17,1200,,WV,15.6,-81.7,30,1007,0,0,0,0,0,0,0,0,0,0,0,0
AL282005,GAMMA,2005,11,17,1800,,WV,15.8,-83.1,30,1007,0,0,0,0,0,0,0,0,0,0,0,0
AL282005,GAMMA,2005,11,18,0,,WV,15.8,-84.1,30,1007,0,0,0,0,0,0,0,0,0,0,0,0
AL282005,GAMMA,2005,11,18,600,,WV,15.7,-84.8,30,1006,0,0,0,0,0,0,0,0,0,0,0,0
AL282005,GAMMA,2005,11,18,1200,,WV,15.5,-85.5,30,1006,0,0,0,0,0,0,0,0,0,0,0,0
AL282005,GAMMA,2005,11,18,1800,,TS,15.7,-85.6,35,1006,75,0,0,75,0,0,0,0,0,0,0,0
AL282005,GAMMA,2005,11,19,0,,TS,16,-85.6,40,1005,90,0,0,90,0,0,0,0,0,0,0,0
AL282005,GAMMA,2005,11,19,600,,TS,16.1,-85.6,40,1004,90,0,0,90,0,0,0,0,0,0,0,0
AL282005,GAMMA,2005,11,19,1200,,TS,16.1,-85.4,45,1002,90,0,0,90,0,0,0,0,0,0,0,0
AL282005,GAMMA,2005,11,19,1800,,TS,16.2,-85.2,40,1004,90,0,0,90,0,0,0,0,0,0,0,0
AL282005,GAMMA,2005,11,20,0,,TS,16.4,-85,40,1005,90,0,0,90,0,0,0,0,0,0,0,0
AL282005,GAMMA,2005,11,20,600,,TS,16.6,-85,35,1006,90,0,0,0,0,0,0,0,0,0,0,0
AL282005,GAMMA,2005,11,20,1200,,TD,16.7,-85.2,30,1007,0,0,0,0,0,0,0,0,0,0,0,0
AL282005,GAMMA,2005,11,20,1800,,TD,16.9,-85.5,30,1007,0,0,0,0,0,0,0,0,0,0,0,0
AL282005,GAMMA,2005,11,21,0,,TD,17.1,-85.5,25,1008,0,0,0,0,0,0,0,0,0,0,0,0
AL282005,GAMMA,2005,11,21,600,,LO,17,-85.2,25,1008,0,0,0,0,0,0,0,0,0,0,0,0
AL282005,GAMMA,2005,11,21,1200,,LO,16.7,-84.8,25,1008,0,0,0,0,0,0,0,0,0,0,0,0
AL282005,GAMMA,2005,11,21,1800,,LO,16.4,-84.3,25,1009,0,0,0,0,0,0,0,0,0,0,0,0
AL282005,GAMMA,2005,11,22,0,,LO,15.4,-83.5,25,1009,0,0,0,0,0,0,0,0,0,0,0,0
AL292005,DELTA,2005,11,19,1200,,EX,27,-48,25,1010,0,0,0,0,0,0,0,0,0,0,0,0
AL292005,DELTA,2005,11,19,1800,,EX,26.7,-47.5,25,1009,0,0,0,0,0,0,0,0,0,0,0,0
AL292005,DELTA,2005,11,20,0,,EX,26.7,-46.7,25,1008,0,0,0,0,0,0,0,0,0,0,0,0
AL292005,DELTA,2005,11,20,600,,EX,27.2,-45.9,25,1008,0,0,0,0,0,0,0,0,0,0,0,0
AL292005,DELTA,2005,11,20,1200,,EX,27.7,-44.8,30,1007,0,0,0,0,0,0,0,0,0,0,0,0
AL292005,DELTA,2005,11,20,1800,,EX,28,-43.5,35,1003,75,75,0,0,0,0,0,0,0,0,0,0
AL292005,DELTA,2005,11,21,0,,EX,28.3,-42.2,35,1000,75,75,0,0,0,0,0,0,0,0,0,0
AL292005,DELTA,2005,11,21,600,,EX,29,-41.1,35,998,150,100,75,125,0,0,0,0,0,0,0,0
AL292005,DELTA,2005,11,21,1200,,EX,29.9,-40.1,35,996,150,100,75,150,0,0,0,0,0,0,0,0
AL292005,DELTA,2005,11,21,1800,,EX,30.9,-39.6,40,994,150,100,75,150,0,0,0,0,0,0,0,0
AL292005,DELTA,2005,11,22,0,,EX,31.5,-40.1,40,992,150,100,100,150,0,0,0,0,0,0,0,0
AL292005,DELTA,2005,11,22,600,,EX,31.4,-39.9,45,990,150,100,100,175,0,0,0,0,0,0,0,0
AL292005,DELTA,2005,11,22,1200,,EX,31.2,-39.8,45,988,175,125,125,200,0,0,0,0,0,0,0,0
AL292005,DELTA,2005,11,22,1800,,SS,30.7,-40.5,45,986,175,150,150,250,0,0,0,0,0,0,0,0
AL292005,DELTA,2005,11,23,0,,SS,29.9,-40.9,45,984,200,200,200,275,0,0,0,0,0,0,0,0
AL292005,DELTA,2005,11,23,600,,SS,28.8,-41.3,45,983,250,200,225,275,0,0,0,0,0,0,0,0
AL292005,DELTA,2005,11,23,1200,,TS,27.4,-41.2,50,983,250,200,250,275,45,0,0,0,0,0,0,0
AL292005,DELTA,2005,11,23,1800,,TS,26.4,-40.8,50,983,200,175,225,250,50,30,0,50,0,0,0,0
AL292005,DELTA,2005,11,24,0,,TS,25.5,-40.2,55,982,175,150,200,225,50,30,30,50,0,0,0,0
AL292005,DELTA,2005,11,24,600,,TS,25,-39.6,55,981,150,150,200,225,50,30,30,50,0,0,0,0
AL292005,DELTA,2005,11,24,1200,,TS,24.8,-39,60,980,150,180,175,200,60,60,60,50,0,0,0,0
AL292005,DELTA,2005,11,24,1800,,TS,24.6,-38.9,60,980,150,160,160,180,60,60,60,60,0,0,0,0
AL292005,DELTA,2005,11,25,0,,TS,24.1,-39,60,980,140,140,140,160,60,60,60,70,0,0,0,0
AL292005,DELTA,2005,11,25,600,,TS,23.8,-39.3,55,982,125,130,140,150,60,60,45,70,0,0,0,0
AL292005,DELTA,2005,11,25,1200,,TS,23.3,-39.6,55,982,120,120,140,140,50,50,30,50,0,0,0,0
AL292005,DELTA,2005,11,25,1800,,TS,22.8,-39.8,50,985,110,120,130,125,40,50,30,40,0,0,0,0
AL292005,DELTA,2005,11,26,0,,TS,22.3,-39.8,45,989,100,125,125,90,0,0,0,0,0,0,0,0
AL292005,DELTA,2005,11,26,600,,TS,21.8,-39.4,40,993,100,125,125,90,0,0,0,0,0,0,0,0
AL292005,DELTA,2005,11,26,1200,,TS,22,-38.4,35,997,100,125,125,90,0,0,0,0,0,0,0,0
AL292005,DELTA,2005,11,26,1800,,TS,22.6,-37.3,35,997,100,125,100,90,0,0,0,0,0,0,0,0
AL292005,DELTA,2005,11,27,0,,TS,23.5,-35.8,35,998,100,100,90,60,0,0,0,0,0,0,0,0
AL292005,DELTA,2005,11,27,600,,TS,24.8,-34,45,993,100,100,90,75,0,0,0,0,0,0,0,0
AL292005,DELTA,2005,11,27,1200,,TS,26.7,-31.9,60,982,120,120,90,120,60,60,0,60,0,0,0,0
AL292005,DELTA,2005,11,27,1800,,TS,28.3,-29.9,60,982,120,120,90,120,60,60,0,60,0,0,0,0
AL292005,DELTA,2005,11,28,0,,TS,29.1,-27.5,60,983,120,120,90,120,60,60,0,60,0,0,0,0
AL292005,DELTA,2005,11,28,600,,TS,29.9,-24.8,60,984,125,150,100,125,60,100,75,60,0,0,0,0
AL292005,DELTA,2005,11,28,1200,,EX,30.2,-21.6,60,985,125,165,165,125,60,110,90,65,0,0,0,0
AL292005,DELTA,2005,11,28,1800,,EX,30.2,-18.2,60,986,125,180,210,125,60,120,90,75,0,0,0,0
AL292005,DELTA,2005,11,29,0,,EX,30.2,-14.6,55,988,125,165,150,105,60,90,75,60,0,0,0,0
AL292005,DELTA,2005,11,29,600,,EX,30.7,-10.9,50,992,125,150,100,90,60,75,60,45,0,0,0,0
AL292005,DELTA,2005,11,29,1200,,EX,32.6,-6.6,35,1000,0,150,150,0,0,0,0,0,0,0,0,0
AL292005,DELTA,2005,11,29,1800,,EX,35.3,-1,30,1003,0,0,0,0,0,0,0,0,0,0,0,0
AL302005,EPSILON,2005,11,29,600,,TS,31.5,-49.2,45,993,45,0,90,120,0,0,0,0,0,0,0,0
AL302005,EPSILON,2005,11,29,1200,,TS,31.6,-50,45,993,45,0,90,120,0,0,0,0,0,0,0,0
AL302005,EPSILON,2005,11,29,1800,,TS,31.4,-50.8,45,993,45,0,90,120,0,0,0,0,0,0,0,0
AL302005,EPSILON,2005,11,30,0,,TS,31.4,-51.5,45,993,45,45,90,120,0,0,0,0,0,0,0,0
AL302005,EPSILON,2005,11,30,600,,TS,31.1,-52.5,50,992,60,45,75,120,0,0,0,30,0,0,0,0
AL302005,EPSILON,2005,11,30,1200,,TS,30.8,-53.5,55,991,60,60,75,90,0,0,0,30,0,0,0,0
AL302005,EPSILON,2005,11,30,1800,,TS,30.1,-54.2,50,991,60,90,60,60,0,0,0,30,0,0,0,0
AL302005,EPSILON,2005,12,1,0,,TS,29.7,-53.8,50,992,60,90,60,60,0,30,30,30,0,0,0,0
AL302005,EPSILON,2005,12,1,600,,TS,30,-52.7,50,992,75,75,75,75,0,45,0,0,0,0,0,0
AL302005,EPSILON,2005,12,1,1200,,TS,30.8,-51.9,50,992,75,75,75,75,0,45,0,0,0,0,0,0
AL302005,EPSILON,2005,12,1,1800,,TS,31.4,-51.3,55,991,90,90,90,90,30,40,30,30,0,0,0,0
AL302005,EPSILON,2005,12,2,0,,TS,31.9,-50.6,55,991,90,90,90,90,30,30,30,30,0,0,0,0
AL302005,EPSILON,2005,12,2,600,,TS,32.5,-49.8,55,990,90,75,75,90,30,30,30,30,0,0,0,0
AL302005,EPSILON,2005,12,2,1200,,TS,33.2,-48.9,60,989,90,75,75,90,30,30,30,30,0,0,0,0
AL302005,EPSILON,2005,12,2,1800,,HU,33.9,-47.9,65,987,90,90,90,90,30,30,30,30,15,15,15,15
AL302005,EPSILON,2005,12,3,0,,HU,34.3,-47.1,65,987,100,100,100,100,40,40,40,40,15,15,15,15
AL302005,EPSILON,2005,12,3,600,,HU,34.5,-46.2,65,987,100,100,100,100,40,40,40,40,15,15,15,15
AL302005,EPSILON,2005,12,3,1200,,HU,34.5,-45,65,987,100,100,100,100,40,40,40,40,15,15,15,15
AL302005,EPSILON,2005,12,3,1800,,HU,34.5,-43.7,65,987,100,100,100,100,40,40,40,40,20,20,20,20
AL302005,EPSILON,2005,12,4,0,,HU,34.3,-42.3,65,987,90,100,100,75,40,45,45,30,0,25,25,0
AL302005,EPSILON,2005,12,4,600,,HU,34.4,-41.1,65,987,75,100,100,75,30,45,45,30,0,20,20,0
AL302005,EPSILON,2005,12,4,1200,,HU,34.3,-39.8,70,984,75,75,100,75,30,30,45,30,0,20,20,0
AL302005,EPSILON,2005,12,4,1800,,HU,34.3,-38.8,70,985,75,75,100,75,30,30,50,30,0,20,20,0
AL302005,EPSILON,2005,12,5,0,,HU,34.2,-37.8,70,985,75,75,100,75,30,30,50,30,0,20,20,0
AL302005,EPSILON,2005,12,5,600,,HU,34,-36.7,75,981,75,75,100,75,30,30,50,30,0,20,20,0
AL302005,EPSILON,2005,12,5,1200,,HU,33.8,-35.5,75,981,75,75,100,75,30,30,50,30,0,20,20,0
AL302005,EPSILON,2005,12,5,1800,,HU,33.7,-34.6,70,985,75,75,100,75,30,30,50,30,0,20,20,0
AL302005,EPSILON,2005,12,6,0,,HU,33.4,-33.8,65,986,75,75,100,100,30,30,50,30,0,20,20,0
AL302005,EPSILON,2005,12,6,600,,HU,33.1,-33.7,65,986,90,90,120,100,30,30,40,40,0,20,25,25
AL302005,EPSILON,2005,12,6,1200,,HU,32.3,-33.7,65,987,90,90,130,130,30,30,40,40,0,0,25,25
AL302005,EPSILON,2005,12,6,1800,,HU,31.6,-34.2,65,987,100,80,115,130,40,30,40,50,0,0,25,30
AL302005,EPSILON,2005,12,7,0,,HU,30.8,-34.9,65,987,100,75,100,130,40,30,40,70,0,20,25,35
AL302005,EPSILON,2005,12,7,600,,HU,30.1,-36,65,987,100,100,100,130,40,30,40,50,25,20,25,25
AL302005,EPSILON,2005,12,7,1200,,HU,29.4,-37.1,65,987,110,110,110,130,45,35,35,45,25,0,0,25
AL302005,EPSILON,2005,12,7,1800,,TS,28.7,-38.1,60,991,100,100,90,90,45,35,30,30,0,0,0,0
AL302005,EPSILON,2005,12,8,0,,TS,28.2,-38.8,50,997,90,90,75,75,30,30,0,0,0,0,0,0
AL302005,EPSILON,2005,12,8,600,,TS,27.4,-39.3,35,1003,40,60,40,40,0,0,0,0,0,0,0,0
AL302005,EPSILON,2005,12,8,1200,,TD,26.5,-40,30,1005,0,0,0,0,0,0,0,0,0,0,0,0
AL302005,EPSILON,2005,12,8,1800,,LO,25.9,-40.5,30,1006,0,0,0,0,0,0,0,0,0,0,0,0
AL302005,EPSILON,2005,12,9,0,,LO,25.5,-40.6,30,1007,0,0,0,0,0,0,0,0,0,0,0,0
AL302005,EPSILON,2005,12,9,600,,LO,25.1,-40.4,25,1008,0,0,0,0,0,0,0,0,0,0,0,0
AL302005,EPSILON,2005,12,9,1200,,LO,24.7,-40.1,25,1009,0,0,0,0,0,0,0,0,0,0,0,0
AL302005,EPSILON,2005,12,9,1800,,LO,24.7,-39.2,25,1009,0,0,0,0,0,0,0,0,0,0,0,0
AL312005,ZETA,2005,12,30,0,,TD,23.9,-35.6,30,1009,0,0,0,0,0,0,0,0,0,0,0,0
AL312005,ZETA,2005,12,30,600,,TS,24.2,-36.1,40,1005,125,125,0,50,0,0,0,0,0,0,0,0
AL312005,ZETA,2005,12,30,1200,,TS,24.7,-36.6,45,1002,140,140,0,75,0,0,0,0,0,0,0,0
AL312005,ZETA,2005,12,30,1800,,TS,25.2,-37,45,1000,160,160,0,75,0,0,0,0,0,0,0,0
AL312005,ZETA,2005,12,31,0,,TS,25.6,-37.3,45,1000,175,175,0,75,0,0,0,0,0,0,0,0
AL312005,ZETA,2005,12,31,600,,TS,25.7,-37.6,50,997,150,150,30,75,20,0,0,20,0,0,0,0
AL312005,ZETA,2005,12,31,1200,,TS,25.7,-37.9,50,997,120,120,30,75,20,0,0,20,0,0,0,0
AL312005,ZETA,2005,12,31,1800,,TS,25.7,-38.1,45,1000,120,120,30,75,0,0,0,0,0,0,0,0
